date,kospi
2015-07-07,2040.2900390625
2015-07-08,2016.2099609375
2015-07-09,2027.81005859375
2015-07-10,2031.1700439453125
2015-07-13,2061.52001953125
2015-07-14,2059.22998046875
2015-07-15,2072.909912109375
2015-07-16,2087.889892578125
2015-07-17,2076.7900390625
2015-07-20,2073.31005859375
2015-07-21,2083.6201171875
2015-07-22,2064.72998046875
2015-07-23,2065.070068359375
2015-07-24,2045.9599609375
2015-07-27,2038.81005859375
2015-07-28,2039.0999755859375
2015-07-29,2037.6199951171875
2015-07-30,2019.030029296875
2015-07-31,2030.1600341796875
2015-08-03,2008.489990234375
2015-08-04,2027.989990234375
2015-08-05,2029.760009765625
2015-08-06,2013.2900390625
2015-08-07,2010.22998046875
2015-08-10,2003.1700439453125
2015-08-11,1986.6500244140625
2015-08-12,1975.469970703125
2015-08-13,1983.4599609375
2015-08-17,1968.52001953125
2015-08-18,1956.260009765625
2015-08-19,1939.3800048828125
2015-08-20,1914.550048828125
2015-08-21,1876.0699462890625
2015-08-24,1829.81005859375
2015-08-25,1846.6300048828125
2015-08-26,1894.0899658203125
2015-08-27,1908.0
2015-08-28,1937.6700439453125
2015-08-31,1941.489990234375
2015-09-01,1914.22998046875
2015-09-02,1915.219970703125
2015-09-03,1915.530029296875
2015-09-04,1886.0400390625
2015-09-07,1883.219970703125
2015-09-08,1878.6800537109375
2015-09-09,1934.199951171875
2015-09-10,1962.1099853515625
2015-09-11,1941.3699951171875
2015-09-14,1931.4599609375
2015-09-15,1937.56005859375
2015-09-16,1975.449951171875
2015-09-17,1976.489990234375
2015-09-18,1995.949951171875
2015-09-21,1964.6800537109375
2015-09-22,1982.06005859375
2015-09-23,1944.6400146484375
2015-09-24,1947.0999755859375
2015-09-25,1942.8499755859375
2015-09-30,1962.81005859375
2015-10-01,1979.3199462890625
2015-10-02,1969.6800537109375
2015-10-05,1978.25
2015-10-06,1990.6500244140625
2015-10-07,2005.8399658203125
2015-10-08,2019.530029296875
2015-10-12,2021.6300048828125
2015-10-13,2019.050048828125
2015-10-14,2009.550048828125
2015-10-15,2033.27001953125
2015-10-16,2030.260009765625
2015-10-19,2030.27001953125
2015-10-20,2039.3599853515625
2015-10-21,2042.97998046875
2015-10-22,2023.0
2015-10-23,2040.4000244140625
2015-10-26,2048.080078125
2015-10-27,2044.6500244140625
2015-10-28,2042.510009765625
2015-10-29,2034.1600341796875
2015-10-30,2029.469970703125
2015-11-02,2035.239990234375
2015-11-03,2048.39990234375
2015-11-04,2052.77001953125
2015-11-05,2049.409912109375
2015-11-06,2041.0699462890625
2015-11-09,2025.699951171875
2015-11-10,1996.5899658203125
2015-11-11,1997.27001953125
2015-11-12,1993.3599853515625
2015-11-13,1973.2900390625
2015-11-16,1943.02001953125
2015-11-17,1963.5799560546875
2015-11-18,1962.8800048828125
2015-11-19,1988.9100341796875
2015-11-20,1989.8599853515625
2015-11-23,2003.699951171875
2015-11-24,2016.2900390625
2015-11-25,2009.4200439453125
2015-11-26,2030.6800537109375
2015-11-27,2028.989990234375
2015-11-30,1991.969970703125
2015-12-01,2023.9300537109375
2015-12-02,2009.2900390625
2015-12-03,1994.0699462890625
2015-12-04,1974.4000244140625
2015-12-07,1963.6700439453125
2015-12-08,1949.0400390625
2015-12-09,1948.239990234375
2015-12-10,1952.0699462890625
2015-12-11,1948.6199951171875
2015-12-14,1927.8199462890625
2015-12-15,1932.969970703125
2015-12-16,1969.4000244140625
2015-12-17,1977.9599609375
2015-12-18,1975.3199462890625
2015-12-21,1981.18994140625
2015-12-22,1992.56005859375
2015-12-23,1999.219970703125
2015-12-24,1990.6500244140625
2015-12-28,1964.06005859375
2015-12-29,1966.31005859375
2015-12-30,1961.31005859375
2016-01-04,1918.760009765625
2016-01-05,1930.530029296875
2016-01-06,1925.4300537109375
2016-01-07,1904.3299560546875
2016-01-08,1917.6199951171875
2016-01-11,1894.8399658203125
2016-01-12,1890.8599853515625
2016-01-13,1916.280029296875
2016-01-14,1900.010009765625
2016-01-15,1878.8699951171875
2016-01-18,1878.449951171875
2016-01-19,1889.6400146484375
2016-01-20,1845.449951171875
2016-01-21,1840.530029296875
2016-01-22,1879.4300537109375
2016-01-25,1893.4300537109375
2016-01-26,1871.68994140625
2016-01-27,1897.8699951171875
2016-01-28,1906.93994140625
2016-01-29,1912.06005859375
2016-02-01,1924.8199462890625
2016-02-02,1906.5999755859375
2016-02-03,1890.6700439453125
2016-02-04,1916.260009765625
2016-02-05,1917.7900390625
2016-02-11,1861.5400390625
2016-02-12,1835.280029296875
2016-02-15,1862.199951171875
2016-02-16,1888.300048828125
2016-02-17,1883.93994140625
2016-02-18,1908.8399658203125
2016-02-19,1916.239990234375
2016-02-22,1916.3599853515625
2016-02-23,1914.219970703125
2016-02-24,1912.530029296875
2016-02-25,1918.5699462890625
2016-02-26,1920.1600341796875
2016-02-29,1916.6600341796875
2016-03-02,1947.4200439453125
2016-03-03,1958.1700439453125
2016-03-04,1955.6300048828125
2016-03-07,1957.8699951171875
2016-03-08,1946.1199951171875
2016-03-09,1952.949951171875
2016-03-10,1969.3299560546875
2016-03-11,1971.4100341796875
2016-03-14,1972.27001953125
2016-03-15,1969.969970703125
2016-03-16,1974.9000244140625
2016-03-17,1987.989990234375
2016-03-18,1992.1199951171875
2016-03-21,1989.760009765625
2016-03-22,1996.81005859375
2016-03-23,1995.1199951171875
2016-03-24,1985.969970703125
2016-03-25,1983.81005859375
2016-03-28,1982.5400390625
2016-03-29,1994.9100341796875
2016-03-30,2002.1400146484375
2016-03-31,1995.8499755859375
2016-04-01,1973.5699462890625
2016-04-04,1978.969970703125
2016-04-05,1962.739990234375
2016-04-06,1971.3199462890625
2016-04-07,1973.8900146484375
2016-04-08,1972.050048828125
2016-04-11,1970.3699951171875
2016-04-12,1981.3199462890625
2016-04-14,2015.9300537109375
2016-04-15,2014.7099609375
2016-04-18,2009.0999755859375
2016-04-19,2011.3599853515625
2016-04-20,2005.8299560546875
2016-04-21,2022.0999755859375
2016-04-22,2015.489990234375
2016-04-25,2014.550048828125
2016-04-26,2019.6300048828125
2016-04-27,2015.4000244140625
2016-04-28,2000.9300537109375
2016-04-29,1994.1500244140625
2016-05-02,1978.1500244140625
2016-05-03,1986.4100341796875
2016-05-04,1976.7099609375
2016-05-09,1967.81005859375
2016-05-10,1982.5
2016-05-11,1980.0999755859375
2016-05-12,1977.489990234375
2016-05-13,1966.989990234375
2016-05-16,1967.9100341796875
2016-05-17,1968.06005859375
2016-05-18,1956.72998046875
2016-05-19,1946.780029296875
2016-05-20,1947.6700439453125
2016-05-23,1955.25
2016-05-24,1937.6800537109375
2016-05-25,1960.510009765625
2016-05-26,1957.06005859375
2016-05-27,1969.1700439453125
2016-05-30,1967.1300048828125
2016-05-31,1983.4000244140625
2016-06-01,1982.719970703125
2016-06-02,1985.1099853515625
2016-06-03,1985.8399658203125
2016-06-07,2011.6300048828125
2016-06-08,2027.0799560546875
2016-06-09,2024.1700439453125
2016-06-10,2017.6300048828125
2016-06-13,1979.06005859375
2016-06-14,1972.030029296875
2016-06-15,1968.8299560546875
2016-06-16,1951.989990234375
2016-06-17,1953.4000244140625
2016-06-20,1981.1199951171875
2016-06-21,1982.699951171875
2016-06-22,1992.5799560546875
2016-06-23,1986.7099609375
2016-06-24,1925.239990234375
2016-06-27,1926.8499755859375
2016-06-28,1936.219970703125
2016-06-29,1956.3599853515625
2016-06-30,1970.3499755859375
2016-07-01,1987.3199462890625
2016-07-04,1995.300048828125
2016-07-05,1989.8499755859375
2016-07-06,1953.1199951171875
2016-07-07,1974.0799560546875
2016-07-08,1963.0999755859375
2016-07-11,1988.5400390625
2016-07-12,1991.22998046875
2016-07-13,2005.550048828125
2016-07-14,2008.77001953125
2016-07-15,2017.260009765625
2016-07-18,2021.1099853515625
2016-07-19,2016.8900146484375
2016-07-20,2015.4599609375
2016-07-21,2012.219970703125
2016-07-22,2010.3399658203125
2016-07-25,2012.3199462890625
2016-07-26,2027.3399658203125
2016-07-27,2025.050048828125
2016-07-28,2021.0999755859375
2016-07-29,2016.18994140625
2016-08-01,2029.6099853515625
2016-08-02,2019.030029296875
2016-08-03,1994.7900390625
2016-08-04,2000.030029296875
2016-08-05,2017.93994140625
2016-08-08,2031.1199951171875
2016-08-09,2043.780029296875
2016-08-10,2044.6400146484375
2016-08-11,2048.800048828125
2016-08-12,2050.469970703125
2016-08-16,2047.760009765625
2016-08-17,2043.75
2016-08-18,2055.469970703125
2016-08-19,2056.239990234375
2016-08-22,2042.1600341796875
2016-08-23,2049.929931640625
2016-08-24,2043.760009765625
2016-08-25,2042.9200439453125
2016-08-26,2037.5
2016-08-29,2032.3499755859375
2016-08-30,2039.739990234375
2016-08-31,2034.6500244140625
2016-09-01,2032.719970703125
2016-09-02,2038.31005859375
2016-09-05,2060.080078125
2016-09-06,2066.530029296875
2016-09-07,2061.8798828125
2016-09-08,2063.72998046875
2016-09-09,2037.8699951171875
2016-09-12,1991.47998046875
2016-09-13,1999.3599853515625
2016-09-19,2015.780029296875
2016-09-20,2025.7099609375
2016-09-21,2035.989990234375
2016-09-22,2049.699951171875
2016-09-23,2054.070068359375
2016-09-26,2047.1099853515625
2016-09-27,2062.820068359375
2016-09-28,2053.06005859375
2016-09-29,2068.719970703125
2016-09-30,2043.6300048828125
2016-10-04,2054.860107421875
2016-10-05,2053.0
2016-10-06,2065.300048828125
2016-10-07,2053.800048828125
2016-10-10,2056.820068359375
2016-10-11,2031.9300537109375
2016-10-12,2033.72998046875
2016-10-13,2015.43994140625
2016-10-14,2022.6600341796875
2016-10-17,2027.6099853515625
2016-10-18,2040.4300537109375
2016-10-19,2040.93994140625
2016-10-20,2040.5999755859375
2016-10-21,2033.0
2016-10-24,2047.739990234375
2016-10-25,2037.1700439453125
2016-10-26,2013.8900146484375
2016-10-27,2024.1199951171875
2016-10-28,2019.4200439453125
2016-10-31,2008.18994140625
2016-11-01,2007.3900146484375
2016-11-02,1978.93994140625
2016-11-03,1983.800048828125
2016-11-04,1982.02001953125
2016-11-07,1997.5799560546875
2016-11-08,2003.3800048828125
2016-11-09,1958.3800048828125
2016-11-10,2002.5999755859375
2016-11-11,1984.4300537109375
2016-11-14,1974.4000244140625
2016-11-15,1967.530029296875
2016-11-16,1979.6500244140625
2016-11-17,1980.550048828125
2016-11-18,1974.5799560546875
2016-11-21,1966.050048828125
2016-11-22,1983.469970703125
2016-11-23,1987.949951171875
2016-11-24,1971.260009765625
2016-11-25,1974.4599609375
2016-11-28,1978.1300048828125
2016-11-29,1978.3900146484375
2016-11-30,1983.47998046875
2016-12-01,1983.75
2016-12-02,1970.6099853515625
2016-12-05,1963.3599853515625
2016-12-06,1989.8599853515625
2016-12-07,1991.8900146484375
2016-12-08,2031.0699462890625
2016-12-09,2024.68994140625
2016-12-12,2027.239990234375
2016-12-13,2035.97998046875
2016-12-14,2036.8699951171875
2016-12-15,2036.6500244140625
2016-12-16,2042.239990234375
2016-12-19,2038.3900146484375
2016-12-20,2041.93994140625
2016-12-21,2037.9599609375
2016-12-22,2035.72998046875
2016-12-23,2035.9000244140625
2016-12-26,2037.75
2016-12-27,2042.1700439453125
2016-12-28,2024.489990234375
2016-12-29,2026.4599609375
2017-01-02,2026.1600341796875
2017-01-03,2043.969970703125
2017-01-04,2045.6400146484375
2017-01-05,2041.949951171875
2017-01-06,2049.1201171875
2017-01-09,2048.780029296875
2017-01-10,2045.1199951171875
2017-01-11,2075.169921875
2017-01-12,2087.139892578125
2017-01-13,2076.7900390625
2017-01-16,2064.169921875
2017-01-17,2071.8701171875
2017-01-18,2070.5400390625
2017-01-19,2072.7900390625
2017-01-20,2065.610107421875
2017-01-23,2065.989990234375
2017-01-24,2065.760009765625
2017-01-25,2066.93994140625
2017-01-26,2083.590087890625
2017-01-31,2067.570068359375
2017-02-01,2080.47998046875
2017-02-02,2071.010009765625
2017-02-03,2073.159912109375
2017-02-06,2077.659912109375
2017-02-07,2075.2099609375
2017-02-08,2065.080078125
2017-02-09,2065.8798828125
2017-02-10,2075.080078125
2017-02-13,2078.64990234375
2017-02-14,2074.570068359375
2017-02-15,2083.860107421875
2017-02-16,2081.840087890625
2017-02-17,2080.580078125
2017-02-20,2084.389892578125
2017-02-21,2102.929931640625
2017-02-22,2106.610107421875
2017-02-23,2107.6298828125
2017-02-24,2094.1201171875
2017-02-27,2085.52001953125
2017-02-28,2091.639892578125
2017-03-02,2102.64990234375
2017-03-03,2078.75
2017-03-06,2081.360107421875
2017-03-07,2094.050048828125
2017-03-08,2095.409912109375
2017-03-09,2091.06005859375
2017-03-10,2097.35009765625
2017-03-13,2117.590087890625
2017-03-14,2133.780029296875
2017-03-15,2133.0
2017-03-16,2150.080078125
2017-03-17,2164.580078125
2017-03-20,2157.010009765625
2017-03-21,2178.3798828125
2017-03-22,2168.300048828125
2017-03-23,2172.719970703125
2017-03-24,2168.949951171875
2017-03-27,2155.659912109375
2017-03-28,2163.31005859375
2017-03-29,2166.97998046875
2017-03-30,2164.639892578125
2017-03-31,2160.22998046875
2017-04-03,2167.510009765625
2017-04-04,2161.10009765625
2017-04-05,2160.85009765625
2017-04-06,2152.75
2017-04-07,2151.72998046875
2017-04-10,2133.320068359375
2017-04-11,2123.85009765625
2017-04-12,2128.909912109375
2017-04-13,2148.610107421875
2017-04-14,2134.8798828125
2017-04-17,2145.760009765625
2017-04-18,2148.4599609375
2017-04-19,2138.39990234375
2017-04-20,2149.14990234375
2017-04-21,2165.0400390625
2017-04-24,2173.739990234375
2017-04-25,2196.85009765625
2017-04-26,2207.840087890625
2017-04-27,2209.4599609375
2017-04-28,2205.43994140625
2017-05-02,2219.669921875
2017-05-04,2241.239990234375
2017-05-08,2292.760009765625
2017-05-10,2270.1201171875
2017-05-11,2296.3701171875
2017-05-12,2286.02001953125
2017-05-15,2290.64990234375
2017-05-16,2295.330078125
2017-05-17,2293.080078125
2017-05-18,2286.820068359375
2017-05-19,2288.47998046875
2017-05-22,2304.030029296875
2017-05-23,2311.739990234375
2017-05-24,2317.340087890625
2017-05-25,2342.929931640625
2017-05-26,2355.300048828125
2017-05-29,2352.969970703125
2017-05-30,2343.679931640625
2017-05-31,2347.3798828125
2017-06-01,2344.610107421875
2017-06-02,2371.719970703125
2017-06-05,2368.6201171875
2017-06-07,2360.139892578125
2017-06-08,2363.570068359375
2017-06-09,2381.68994140625
2017-06-12,2357.8701171875
2017-06-13,2374.699951171875
2017-06-14,2372.639892578125
2017-06-15,2361.64990234375
2017-06-16,2361.830078125
2017-06-19,2370.89990234375
2017-06-20,2369.22998046875
2017-06-21,2357.530029296875
2017-06-22,2370.3701171875
2017-06-23,2378.60009765625
2017-06-26,2388.659912109375
2017-06-27,2391.949951171875
2017-06-28,2382.56005859375
2017-06-29,2395.659912109375
2017-06-30,2391.7900390625
2017-07-03,2394.47998046875
2017-07-04,2380.52001953125
2017-07-05,2388.35009765625
2017-07-06,2387.81005859375
2017-07-07,2379.8701171875
2017-07-10,2382.10009765625
2017-07-11,2396.0
2017-07-12,2391.77001953125
2017-07-13,2409.489990234375
2017-07-14,2414.6298828125
2017-07-17,2425.10009765625
2017-07-18,2426.0400390625
2017-07-19,2429.93994140625
2017-07-20,2441.840087890625
2017-07-21,2450.06005859375
2017-07-24,2451.530029296875
2017-07-25,2439.89990234375
2017-07-26,2434.510009765625
2017-07-27,2443.239990234375
2017-07-28,2400.989990234375
2017-07-31,2402.7099609375
2017-08-01,2422.9599609375
2017-08-02,2427.6298828125
2017-08-03,2386.85009765625
2017-08-04,2395.449951171875
2017-08-07,2398.75
2017-08-08,2394.72998046875
2017-08-09,2368.389892578125
2017-08-10,2359.469970703125
2017-08-11,2319.7099609375
2017-08-14,2334.219970703125
2017-08-16,2348.260009765625
2017-08-17,2361.669921875
2017-08-18,2358.3701171875
2017-08-21,2355.0
2017-08-22,2365.330078125
2017-08-23,2366.39990234375
2017-08-24,2375.840087890625
2017-08-25,2378.510009765625
2017-08-28,2370.300048828125
2017-08-29,2364.739990234375
2017-08-30,2372.2900390625
2017-08-31,2363.18994140625
2017-09-01,2357.68994140625
2017-09-04,2329.64990234375
2017-09-05,2326.6201171875
2017-09-06,2319.820068359375
2017-09-07,2346.18994140625
2017-09-08,2343.719970703125
2017-09-11,2359.080078125
2017-09-12,2365.469970703125
2017-09-13,2360.179931640625
2017-09-14,2377.659912109375
2017-09-15,2386.070068359375
2017-09-18,2418.2099609375
2017-09-19,2416.050048828125
2017-09-20,2412.199951171875
2017-09-21,2406.5
2017-09-25,2380.39990234375
2017-09-26,2374.320068359375
2017-09-27,2372.570068359375
2017-09-28,2373.139892578125
2017-09-29,2394.469970703125
2017-10-10,2433.81005859375
2017-10-11,2458.159912109375
2017-10-12,2474.760009765625
2017-10-13,2473.6201171875
2017-10-16,2480.050048828125
2017-10-17,2484.3701171875
2017-10-18,2482.909912109375
2017-10-19,2473.06005859375
2017-10-20,2489.5400390625
2017-10-23,2490.050048828125
2017-10-24,2490.489990234375
2017-10-25,2492.5
2017-10-26,2480.6298828125
2017-10-27,2496.6298828125
2017-10-30,2501.929931640625
2017-10-31,2523.429931640625
2017-11-01,2556.469970703125
2017-11-02,2546.360107421875
2017-11-03,2557.969970703125
2017-11-06,2549.409912109375
2017-11-07,2545.43994140625
2017-11-08,2552.39990234375
2017-11-09,2550.570068359375
2017-11-10,2542.949951171875
2017-11-13,2530.35009765625
2017-11-14,2526.639892578125
2017-11-15,2518.25
2017-11-16,2534.7900390625
2017-11-17,2533.989990234375
2017-11-20,2527.669921875
2017-11-21,2530.699951171875
2017-11-22,2540.510009765625
2017-11-23,2537.14990234375
2017-11-24,2544.330078125
2017-11-27,2507.81005859375
2017-11-28,2514.18994140625
2017-11-29,2512.89990234375
2017-11-30,2476.3701171875
2017-12-01,2475.409912109375
2017-12-04,2501.669921875
2017-12-05,2510.1201171875
2017-12-06,2474.3701171875
2017-12-07,2461.97998046875
2017-12-08,2464.0
2017-12-11,2471.489990234375
2017-12-12,2461.0
2017-12-13,2480.550048828125
2017-12-14,2469.47998046875
2017-12-15,2482.070068359375
2017-12-18,2481.8798828125
2017-12-19,2478.530029296875
2017-12-21,2429.830078125
2017-12-22,2440.5400390625
2017-12-26,2427.340087890625
2017-12-27,2436.669921875
2017-12-28,2467.489990234375
2018-01-02,2479.64990234375
2018-01-03,2486.35009765625
2018-01-04,2466.4599609375
2018-01-05,2497.52001953125
2018-01-08,2513.280029296875
2018-01-09,2510.22998046875
2018-01-10,2499.75
2018-01-11,2487.909912109375
2018-01-12,2496.419921875
2018-01-15,2503.72998046875
2018-01-16,2521.739990234375
2018-01-17,2515.429931640625
2018-01-18,2515.81005859375
2018-01-19,2520.260009765625
2018-01-22,2502.110107421875
2018-01-23,2536.60009765625
2018-01-24,2538.0
2018-01-25,2562.22998046875
2018-01-26,2574.760009765625
2018-01-29,2598.18994140625
2018-01-30,2567.739990234375
2018-01-31,2566.4599609375
2018-02-01,2568.5400390625
2018-02-02,2525.389892578125
2018-02-05,2491.75
2018-02-06,2453.31005859375
2018-02-07,2396.56005859375
2018-02-08,2407.6201171875
2018-02-09,2363.77001953125
2018-02-12,2385.3798828125
2018-02-13,2395.18994140625
2018-02-14,2421.830078125
2018-02-19,2442.820068359375
2018-02-20,2415.1201171875
2018-02-21,2429.64990234375
2018-02-22,2414.280029296875
2018-02-23,2451.52001953125
2018-02-26,2457.64990234375
2018-02-27,2456.139892578125
2018-02-28,2427.360107421875
2018-03-02,2402.159912109375
2018-03-05,2375.06005859375
2018-03-06,2411.409912109375
2018-03-07,2401.820068359375
2018-03-08,2433.080078125
2018-03-09,2459.449951171875
2018-03-12,2484.1201171875
2018-03-13,2494.489990234375
2018-03-14,2486.080078125
2018-03-15,2492.3798828125
2018-03-16,2493.969970703125
2018-03-19,2475.030029296875
2018-03-20,2485.52001953125
2018-03-21,2484.969970703125
2018-03-22,2496.02001953125
2018-03-23,2416.760009765625
2018-03-26,2437.080078125
2018-03-27,2452.06005859375
2018-03-28,2419.2900390625
2018-03-29,2436.3701171875
2018-03-30,2445.85009765625
2018-04-02,2444.159912109375
2018-04-03,2442.429931640625
2018-04-04,2408.06005859375
2018-04-05,2437.52001953125
2018-04-06,2429.580078125
2018-04-09,2444.080078125
2018-04-10,2450.739990234375
2018-04-11,2444.219970703125
2018-04-12,2442.7099609375
2018-04-13,2455.070068359375
2018-04-16,2457.489990234375
2018-04-17,2453.77001953125
2018-04-18,2479.97998046875
2018-04-19,2486.10009765625
2018-04-20,2476.330078125
2018-04-23,2474.110107421875
2018-04-24,2464.139892578125
2018-04-25,2448.81005859375
2018-04-26,2475.639892578125
2018-04-27,2492.39990234375
2018-04-30,2515.3798828125
2018-05-02,2505.610107421875
2018-05-03,2487.25
2018-05-04,2461.3798828125
2018-05-08,2449.81005859375
2018-05-09,2443.97998046875
2018-05-10,2464.159912109375
2018-05-11,2477.7099609375
2018-05-14,2476.110107421875
2018-05-15,2458.5400390625
2018-05-16,2459.820068359375
2018-05-17,2448.449951171875
2018-05-18,2460.64990234375
2018-05-21,2465.570068359375
2018-05-23,2471.909912109375
2018-05-24,2466.010009765625
2018-05-25,2460.800048828125
2018-05-28,2478.9599609375
2018-05-29,2457.25
2018-05-30,2409.030029296875
2018-05-31,2423.010009765625
2018-06-01,2438.9599609375
2018-06-04,2447.760009765625
2018-06-05,2453.760009765625
2018-06-07,2470.580078125
2018-06-08,2451.580078125
2018-06-11,2470.14990234375
2018-06-12,2468.830078125
2018-06-14,2423.47998046875
2018-06-15,2404.0400390625
2018-06-18,2376.239990234375
2018-06-19,2340.110107421875
2018-06-20,2363.909912109375
2018-06-21,2337.830078125
2018-06-22,2357.219970703125
2018-06-25,2357.8798828125
2018-06-26,2350.919921875
2018-06-27,2342.030029296875
2018-06-28,2314.239990234375
2018-06-29,2326.1298828125
2018-07-02,2271.5400390625
2018-07-03,2272.760009765625
2018-07-04,2265.4599609375
2018-07-05,2257.550048828125
2018-07-06,2272.8701171875
2018-07-09,2285.800048828125
2018-07-10,2294.159912109375
2018-07-11,2280.6201171875
2018-07-12,2285.06005859375
2018-07-13,2310.89990234375
2018-07-16,2301.989990234375
2018-07-17,2297.919921875
2018-07-18,2290.110107421875
2018-07-19,2282.2900390625
2018-07-20,2289.18994140625
2018-07-23,2269.31005859375
2018-07-24,2280.199951171875
2018-07-25,2273.030029296875
2018-07-26,2289.06005859375
2018-07-27,2294.989990234375
2018-07-30,2293.510009765625
2018-07-31,2295.260009765625
2018-08-01,2307.070068359375
2018-08-02,2270.199951171875
2018-08-03,2287.679931640625
2018-08-06,2286.5
2018-08-07,2300.159912109375
2018-08-08,2301.449951171875
2018-08-09,2303.7099609375
2018-08-10,2282.7900390625
2018-08-13,2248.449951171875
2018-08-14,2258.909912109375
2018-08-16,2240.800048828125
2018-08-17,2247.050048828125
2018-08-20,2247.8798828125
2018-08-21,2270.06005859375
2018-08-22,2273.330078125
2018-08-23,2282.60009765625
2018-08-24,2293.2099609375
2018-08-27,2299.300048828125
2018-08-28,2303.1201171875
2018-08-29,2309.030029296875
2018-08-30,2307.35009765625
2018-08-31,2322.8798828125
2018-09-03,2307.030029296875
2018-09-04,2315.719970703125
2018-09-05,2291.77001953125
2018-09-06,2287.610107421875
2018-09-07,2281.580078125
2018-09-10,2288.659912109375
2018-09-11,2283.199951171875
2018-09-12,2282.919921875
2018-09-13,2286.22998046875
2018-09-14,2318.25
2018-09-17,2303.010009765625
2018-09-18,2308.97998046875
2018-09-19,2308.4599609375
2018-09-20,2323.449951171875
2018-09-21,2339.169921875
2018-09-27,2355.429931640625
2018-09-28,2343.070068359375
2018-10-01,2338.8798828125
2018-10-02,2309.570068359375
2018-10-04,2274.489990234375
2018-10-05,2267.52001953125
2018-10-08,2253.830078125
2018-10-10,2228.610107421875
2018-10-11,2129.669921875
2018-10-12,2161.85009765625
2018-10-15,2145.1201171875
2018-10-16,2145.1201171875
2018-10-17,2167.510009765625
2018-10-18,2148.31005859375
2018-10-19,2156.260009765625
2018-10-22,2161.7099609375
2018-10-23,2106.10009765625
2018-10-24,2097.580078125
2018-10-25,2063.300048828125
2018-10-26,2027.1500244140625
2018-10-29,1996.050048828125
2018-10-30,2014.68994140625
2018-10-31,2029.68994140625
2018-11-01,2024.4599609375
2018-11-02,2096.0
2018-11-05,2076.919921875
2018-11-06,2089.6201171875
2018-11-07,2078.68994140625
2018-11-08,2092.6298828125
2018-11-09,2086.090087890625
2018-11-12,2080.43994140625
2018-11-13,2071.22998046875
2018-11-14,2068.050048828125
2018-11-15,2088.06005859375
2018-11-16,2092.39990234375
2018-11-19,2100.56005859375
2018-11-20,2082.580078125
2018-11-21,2076.550048828125
2018-11-22,2069.949951171875
2018-11-23,2057.47998046875
2018-11-26,2083.02001953125
2018-11-27,2099.419921875
2018-11-28,2108.219970703125
2018-11-29,2114.10009765625
2018-11-30,2096.860107421875
2018-12-03,2131.929931640625
2018-12-04,2114.35009765625
2018-12-05,2101.31005859375
2018-12-06,2068.68994140625
2018-12-07,2075.760009765625
2018-12-10,2053.7900390625
2018-12-11,2052.969970703125
2018-12-12,2082.570068359375
2018-12-13,2095.550048828125
2018-12-14,2069.3798828125
2018-12-17,2071.090087890625
2018-12-18,2062.110107421875
2018-12-19,2078.840087890625
2018-12-20,2060.1201171875
2018-12-21,2061.489990234375
2018-12-24,2055.010009765625
2018-12-26,2028.010009765625
2018-12-27,2028.43994140625
2018-12-28,2041.0400390625
2019-01-02,2010.0
2019-01-03,1993.699951171875
2019-01-04,2010.25
2019-01-07,2037.0999755859375
2019-01-08,2025.27001953125
2019-01-09,2064.7099609375
2019-01-10,2063.280029296875
2019-01-11,2075.570068359375
2019-01-14,2064.52001953125
2019-01-15,2097.179931640625
2019-01-16,2106.10009765625
2019-01-17,2107.06005859375
2019-01-18,2124.280029296875
2019-01-21,2124.610107421875
2019-01-22,2117.77001953125
2019-01-23,2127.780029296875
2019-01-24,2145.030029296875
2019-01-25,2177.72998046875
2019-01-28,2177.300048828125
2019-01-29,2183.360107421875
2019-01-30,2206.199951171875
2019-01-31,2204.85009765625
2019-02-01,2203.4599609375
2019-02-07,2203.419921875
2019-02-08,2177.050048828125
2019-02-11,2180.72998046875
2019-02-12,2190.469970703125
2019-02-13,2201.47998046875
2019-02-14,2225.85009765625
2019-02-15,2196.090087890625
2019-02-18,2210.889892578125
2019-02-19,2205.6298828125
2019-02-20,2229.760009765625
2019-02-21,2228.659912109375
2019-02-22,2230.5
2019-02-25,2232.56005859375
2019-02-26,2226.60009765625
2019-02-27,2234.7900390625
2019-02-28,2195.43994140625
2019-03-04,2190.659912109375
2019-03-05,2179.22998046875
2019-03-06,2175.60009765625
2019-03-07,2165.7900390625
2019-03-08,2137.43994140625
2019-03-11,2138.10009765625
2019-03-12,2157.179931640625
2019-03-13,2148.409912109375
2019-03-14,2155.679931640625
2019-03-15,2176.110107421875
2019-03-18,2179.489990234375
2019-03-19,2177.6201171875
2019-03-20,2177.10009765625
2019-03-21,2184.8798828125
2019-03-22,2186.949951171875
2019-03-25,2144.860107421875
2019-03-26,2148.800048828125
2019-03-27,2145.6201171875
2019-03-28,2128.10009765625
2019-03-29,2140.669921875
2019-04-01,2168.280029296875
2019-04-02,2177.179931640625
2019-04-03,2203.27001953125
2019-04-04,2206.530029296875
2019-04-05,2209.610107421875
2019-04-08,2210.60009765625
2019-04-09,2213.56005859375
2019-04-10,2224.389892578125
2019-04-11,2224.43994140625
2019-04-12,2233.449951171875
2019-04-15,2242.8798828125
2019-04-16,2248.6298828125
2019-04-17,2245.889892578125
2019-04-18,2213.77001953125
2019-04-19,2216.14990234375
2019-04-22,2216.64990234375
2019-04-23,2220.510009765625
2019-04-24,2201.030029296875
2019-04-25,2190.5
2019-04-26,2179.31005859375
2019-04-29,2216.429931640625
2019-04-30,2203.590087890625
2019-05-02,2212.75
2019-05-03,2196.320068359375
2019-05-07,2176.989990234375
2019-05-08,2168.010009765625
2019-05-09,2102.010009765625
2019-05-10,2108.0400390625
2019-05-13,2079.010009765625
2019-05-14,2081.840087890625
2019-05-15,2092.780029296875
2019-05-16,2067.68994140625
2019-05-17,2055.800048828125
2019-05-20,2055.7099609375
2019-05-21,2061.25
2019-05-22,2064.860107421875
2019-05-23,2059.590087890625
2019-05-24,2045.31005859375
2019-05-27,2044.2099609375
2019-05-28,2048.830078125
2019-05-29,2023.3199462890625
2019-05-30,2038.800048828125
2019-05-31,2041.739990234375
2019-06-03,2067.85009765625
2019-06-04,2066.969970703125
2019-06-05,2069.110107421875
2019-06-07,2072.330078125
2019-06-10,2099.489990234375
2019-06-11,2111.81005859375
2019-06-12,2108.75
2019-06-13,2103.14990234375
2019-06-14,2095.409912109375
2019-06-17,2090.72998046875
2019-06-18,2098.7099609375
2019-06-19,2124.780029296875
2019-06-20,2131.2900390625
2019-06-21,2125.6201171875
2019-06-24,2126.330078125
2019-06-25,2121.639892578125
2019-06-26,2121.85009765625
2019-06-27,2134.320068359375
2019-06-28,2130.6201171875
2019-07-01,2129.739990234375
2019-07-02,2122.02001953125
2019-07-03,2096.02001953125
2019-07-04,2108.72998046875
2019-07-05,2110.590087890625
2019-07-08,2064.169921875
2019-07-09,2052.030029296875
2019-07-10,2058.780029296875
2019-07-11,2080.580078125
2019-07-12,2086.659912109375
2019-07-15,2082.47998046875
2019-07-16,2091.8701171875
2019-07-17,2072.919921875
2019-07-18,2066.550048828125
2019-07-19,2094.360107421875
2019-07-22,2093.340087890625
2019-07-23,2101.449951171875
2019-07-24,2082.300048828125
2019-07-25,2074.47998046875
2019-07-26,2066.260009765625
2019-07-29,2029.47998046875
2019-07-30,2038.6800537109375
2019-07-31,2024.550048828125
2019-08-01,2017.3399658203125
2019-08-02,1998.1300048828125
2019-08-05,1946.97998046875
2019-08-06,1917.5
2019-08-07,1909.7099609375
2019-08-08,1920.6099853515625
2019-08-09,1937.75
2019-08-12,1942.2900390625
2019-08-13,1925.8299560546875
2019-08-14,1938.3699951171875
2019-08-16,1927.1700439453125
2019-08-19,1939.9000244140625
2019-08-20,1960.25
2019-08-21,1964.6500244140625
2019-08-22,1951.010009765625
2019-08-23,1948.300048828125
2019-08-26,1916.31005859375
2019-08-27,1924.5999755859375
2019-08-28,1941.0899658203125
2019-08-29,1933.4100341796875
2019-08-30,1967.7900390625
2019-09-02,1969.18994140625
2019-09-03,1965.68994140625
2019-09-04,1988.530029296875
2019-09-05,2004.75
2019-09-06,2009.1300048828125
2019-09-09,2019.550048828125
2019-09-10,2032.0799560546875
2019-09-11,2049.199951171875
2019-09-16,2062.219970703125
2019-09-17,2062.330078125
2019-09-18,2070.72998046875
2019-09-19,2080.35009765625
2019-09-20,2091.52001953125
2019-09-23,2091.699951171875
2019-09-24,2101.0400390625
2019-09-25,2073.389892578125
2019-09-26,2074.52001953125
2019-09-27,2049.929931640625
2019-09-30,2063.050048828125
2019-10-01,2072.419921875
2019-10-02,2031.9100341796875
2019-10-04,2020.68994140625
2019-10-07,2021.72998046875
2019-10-08,2046.25
2019-10-10,2028.1500244140625
2019-10-11,2044.6099853515625
2019-10-14,2067.39990234375
2019-10-15,2068.169921875
2019-10-16,2082.830078125
2019-10-17,2077.93994140625
2019-10-18,2060.68994140625
2019-10-21,2064.840087890625
2019-10-22,2088.860107421875
2019-10-23,2080.6201171875
2019-10-24,2085.659912109375
2019-10-25,2087.889892578125
2019-10-28,2093.60009765625
2019-10-29,2092.68994140625
2019-10-30,2080.27001953125
2019-10-31,2083.47998046875
2019-11-01,2100.199951171875
2019-11-04,2130.239990234375
2019-11-05,2142.639892578125
2019-11-06,2144.14990234375
2019-11-07,2144.2900390625
2019-11-08,2137.22998046875
2019-11-11,2124.090087890625
2019-11-12,2140.919921875
2019-11-13,2122.449951171875
2019-11-14,2139.22998046875
2019-11-15,2162.179931640625
2019-11-18,2160.68994140625
2019-11-19,2153.239990234375
2019-11-20,2125.320068359375
2019-11-21,2096.60009765625
2019-11-22,2101.9599609375
2019-11-25,2123.5
2019-11-26,2121.35009765625
2019-11-27,2127.85009765625
2019-11-28,2118.60009765625
2019-11-29,2087.9599609375
2019-12-02,2091.919921875
2019-12-03,2084.070068359375
2019-12-04,2068.889892578125
2019-12-05,2060.739990234375
2019-12-06,2081.85009765625
2019-12-09,2088.64990234375
2019-12-10,2098.0
2019-12-11,2105.6201171875
2019-12-12,2137.35009765625
2019-12-13,2170.25
2019-12-16,2168.14990234375
2019-12-17,2195.679931640625
2019-12-18,2194.760009765625
2019-12-19,2196.56005859375
2019-12-20,2204.179931640625
2019-12-23,2203.7099609375
2019-12-24,2190.080078125
2019-12-26,2197.929931640625
2019-12-27,2204.2099609375
2019-12-30,2197.669921875
2020-01-02,2175.169921875
2020-01-03,2176.4599609375
2020-01-06,2155.070068359375
2020-01-07,2175.5400390625
2020-01-08,2151.31005859375
2020-01-09,2186.449951171875
2020-01-10,2206.389892578125
2020-01-13,2229.260009765625
2020-01-14,2238.8798828125
2020-01-15,2230.97998046875
2020-01-16,2248.050048828125
2020-01-17,2250.570068359375
2020-01-20,2262.639892578125
2020-01-21,2239.68994140625
2020-01-22,2267.25
2020-01-23,2246.1298828125
2020-01-28,2176.719970703125
2020-01-29,2185.280029296875
2020-01-30,2148.0
2020-01-31,2119.010009765625
2020-02-03,2118.8798828125
2020-02-04,2157.89990234375
2020-02-05,2165.6298828125
2020-02-06,2227.93994140625
2020-02-07,2211.949951171875
2020-02-10,2201.070068359375
2020-02-11,2223.1201171875
2020-02-12,2238.3798828125
2020-02-13,2232.9599609375
2020-02-14,2243.590087890625
2020-02-17,2242.169921875
2020-02-18,2208.8798828125
2020-02-19,2210.340087890625
2020-02-20,2195.5
2020-02-21,2162.840087890625
2020-02-24,2079.0400390625
2020-02-25,2103.610107421875
2020-02-26,2076.77001953125
2020-02-27,2054.889892578125
2020-02-28,1987.010009765625
2020-03-02,2002.510009765625
2020-03-03,2014.1500244140625
2020-03-04,2059.330078125
2020-03-05,2085.260009765625
2020-03-06,2040.219970703125
2020-03-09,1954.77001953125
2020-03-10,1962.9300537109375
2020-03-11,1908.27001953125
2020-03-12,1834.3299560546875
2020-03-13,1771.43994140625
2020-03-16,1714.8599853515625
2020-03-17,1672.43994140625
2020-03-18,1591.199951171875
2020-03-19,1457.6400146484375
2020-03-20,1566.1500244140625
2020-03-23,1482.4599609375
2020-03-24,1609.969970703125
2020-03-25,1704.760009765625
2020-03-26,1686.239990234375
2020-03-27,1717.72998046875
2020-03-30,1717.1199951171875
2020-03-31,1754.6400146484375
2020-04-01,1685.4599609375
2020-04-02,1724.8599853515625
2020-04-03,1725.43994140625
2020-04-06,1791.8800048828125
2020-04-07,1823.5999755859375
2020-04-08,1807.1400146484375
2020-04-09,1836.2099609375
2020-04-10,1860.699951171875
2020-04-13,1825.760009765625
2020-04-14,1857.0799560546875
2020-04-16,1857.0699462890625
2020-04-17,1914.530029296875
2020-04-20,1898.3599853515625
2020-04-21,1879.3800048828125
2020-04-22,1896.1500244140625
2020-04-23,1914.72998046875
2020-04-24,1889.010009765625
2020-04-27,1922.77001953125
2020-04-28,1934.0899658203125
2020-04-29,1947.56005859375
2020-05-04,1895.3699951171875
2020-05-06,1928.760009765625
2020-05-07,1928.6099853515625
2020-05-08,1945.8199462890625
2020-05-11,1935.4000244140625
2020-05-12,1922.1700439453125
2020-05-13,1940.4200439453125
2020-05-14,1924.9599609375
2020-05-15,1927.280029296875
2020-05-18,1937.1099853515625
2020-05-19,1980.6099853515625
2020-05-20,1989.6400146484375
2020-05-21,1998.31005859375
2020-05-22,1970.1300048828125
2020-05-25,1994.5999755859375
2020-05-26,2029.780029296875
2020-05-27,2031.199951171875
2020-05-28,2028.5400390625
2020-05-29,2029.5999755859375
2020-06-01,2065.080078125
2020-06-02,2087.18994140625
2020-06-03,2147.0
2020-06-04,2151.179931640625
2020-06-05,2181.8701171875
2020-06-08,2184.2900390625
2020-06-09,2188.919921875
2020-06-10,2195.68994140625
2020-06-11,2176.780029296875
2020-06-12,2132.300048828125
2020-06-15,2030.8199462890625
2020-06-16,2138.050048828125
2020-06-17,2141.050048828125
2020-06-18,2133.47998046875
2020-06-19,2141.320068359375
2020-06-22,2126.72998046875
2020-06-23,2131.239990234375
2020-06-24,2161.510009765625
2020-06-25,2112.3701171875
2020-06-26,2134.64990234375
2020-06-29,2093.47998046875
2020-06-30,2108.330078125
2020-07-01,2106.699951171875
2020-07-02,2135.3701171875
2020-07-03,2152.409912109375
2020-07-06,2187.929931640625
2020-07-07,2164.169921875
2020-07-08,2158.8798828125
2020-07-09,2167.89990234375
2020-07-10,2150.25
2020-07-13,2186.06005859375
2020-07-14,2183.610107421875
2020-07-15,2201.8798828125
2020-07-16,2183.760009765625
2020-07-17,2201.18994140625
2020-07-20,2198.199951171875
2020-07-21,2228.830078125
2020-07-22,2228.659912109375
2020-07-23,2216.18994140625
2020-07-24,2200.43994140625
2020-07-27,2217.860107421875
2020-07-28,2256.989990234375
2020-07-29,2263.159912109375
2020-07-30,2267.010009765625
2020-07-31,2249.3701171875
2020-08-03,2251.0400390625
2020-08-04,2279.969970703125
2020-08-05,2311.860107421875
2020-08-06,2342.610107421875
2020-08-07,2351.669921875
2020-08-10,2386.3798828125
2020-08-11,2418.669921875
2020-08-12,2432.35009765625
2020-08-13,2437.530029296875
2020-08-14,2407.489990234375
2020-08-18,2348.239990234375
2020-08-19,2360.5400390625
2020-08-20,2274.219970703125
2020-08-21,2304.590087890625
2020-08-24,2329.830078125
2020-08-25,2366.72998046875
2020-08-26,2369.320068359375
2020-08-27,2344.449951171875
2020-08-28,2353.800048828125
2020-08-31,2326.169921875
2020-09-01,2349.550048828125
2020-09-02,2364.3701171875
2020-09-03,2395.89990234375
2020-09-04,2368.25
2020-09-07,2384.219970703125
2020-09-08,2401.909912109375
2020-09-09,2375.81005859375
2020-09-10,2396.47998046875
2020-09-11,2396.68994140625
2020-09-14,2427.909912109375
2020-09-15,2443.580078125
2020-09-16,2435.919921875
2020-09-17,2406.169921875
2020-09-18,2412.39990234375
2020-09-21,2389.389892578125
2020-09-22,2332.590087890625
2020-09-23,2333.239990234375
2020-09-24,2272.699951171875
2020-09-25,2278.7900390625
2020-09-28,2308.080078125
2020-09-29,2327.889892578125
2020-10-05,2358.0
2020-10-06,2365.89990234375
2020-10-07,2386.93994140625
2020-10-08,2391.9599609375
2020-10-12,2403.72998046875
2020-10-13,2403.14990234375
2020-10-14,2380.47998046875
2020-10-15,2361.2099609375
2020-10-16,2341.530029296875
2020-10-19,2346.739990234375
2020-10-20,2358.409912109375
2020-10-21,2370.860107421875
2020-10-22,2355.050048828125
2020-10-23,2360.81005859375
2020-10-26,2343.909912109375
2020-10-27,2330.840087890625
2020-10-28,2345.260009765625
2020-10-29,2326.669921875
2020-10-30,2267.14990234375
2020-11-02,2300.159912109375
2020-11-03,2343.31005859375
2020-11-04,2357.320068359375
2020-11-05,2413.7900390625
2020-11-06,2416.5
2020-11-09,2447.199951171875
2020-11-10,2452.830078125
2020-11-11,2485.8701171875
2020-11-12,2475.6201171875
2020-11-13,2493.8701171875
2020-11-16,2543.030029296875
2020-11-17,2539.14990234375
2020-11-18,2545.639892578125
2020-11-19,2547.419921875
2020-11-20,2553.5
2020-11-23,2602.590087890625
2020-11-24,2617.760009765625
2020-11-25,2601.5400390625
2020-11-26,2625.909912109375
2020-11-27,2633.449951171875
2020-11-30,2591.340087890625
2020-12-01,2634.25
2020-12-02,2675.89990234375
2020-12-03,2696.219970703125
2020-12-04,2731.449951171875
2020-12-07,2745.43994140625
2020-12-08,2700.929931640625
2020-12-09,2755.469970703125
2020-12-10,2746.4599609375
2020-12-11,2770.06005859375
2020-12-14,2762.199951171875
2020-12-15,2756.820068359375
2020-12-16,2771.7900390625
2020-12-17,2770.429931640625
2020-12-18,2772.179931640625
2020-12-21,2778.64990234375
2020-12-22,2733.679931640625
2020-12-23,2759.820068359375
2020-12-24,2806.860107421875
2020-12-28,2808.60009765625
2020-12-29,2820.510009765625
2020-12-30,2873.469970703125
2021-01-04,2944.449951171875
2021-01-05,2990.570068359375
2021-01-06,2968.2099609375
2021-01-07,3031.679931640625
2021-01-08,3152.179931640625
2021-01-11,3148.449951171875
2021-01-12,3125.949951171875
2021-01-13,3148.2900390625
2021-01-14,3149.929931640625
2021-01-15,3085.89990234375
2021-01-18,3013.929931640625
2021-01-19,3092.659912109375
2021-01-20,3114.550048828125
2021-01-21,3160.840087890625
2021-01-22,3140.6298828125
2021-01-25,3208.989990234375
2021-01-26,3140.31005859375
2021-01-27,3122.56005859375
2021-01-28,3069.050048828125
2021-01-29,2976.2099609375
2021-02-01,3056.530029296875
2021-02-02,3096.81005859375
2021-02-03,3129.679931640625
2021-02-04,3087.550048828125
2021-02-05,3120.6298828125
2021-02-08,3091.239990234375
2021-02-09,3084.669921875
2021-02-10,3100.580078125
2021-02-15,3147.0
2021-02-16,3163.25
2021-02-17,3133.72998046875
2021-02-18,3086.659912109375
2021-02-19,3107.6201171875
2021-02-22,3079.75
2021-02-23,3070.090087890625
2021-02-24,2994.97998046875
2021-02-25,3099.68994140625
2021-02-26,3012.949951171875
2021-03-02,3043.8701171875
2021-03-03,3082.989990234375
2021-03-04,3043.489990234375
2021-03-05,3026.260009765625
2021-03-08,2996.110107421875
2021-03-09,2976.1201171875
2021-03-10,2958.1201171875
2021-03-11,3013.699951171875
2021-03-12,3054.389892578125
2021-03-15,3045.7099609375
2021-03-16,3067.169921875
2021-03-17,3047.5
2021-03-18,3066.010009765625
2021-03-19,3039.530029296875
2021-03-22,3035.4599609375
2021-03-23,3004.739990234375
2021-03-24,2996.35009765625
2021-03-25,3008.330078125
2021-03-26,3041.010009765625
2021-03-29,3036.0400390625
2021-03-30,3070.0
2021-03-31,3061.419921875
2021-04-01,3087.39990234375
2021-04-02,3112.800048828125
2021-04-05,3120.830078125
2021-04-06,3127.080078125
2021-04-07,3137.409912109375
2021-04-08,3143.260009765625
2021-04-09,3131.8798828125
2021-04-12,3135.590087890625
2021-04-13,3169.080078125
2021-04-14,3182.3798828125
2021-04-15,3194.330078125
2021-04-16,3198.6201171875
2021-04-19,3198.840087890625
2021-04-20,3220.699951171875
2021-04-21,3171.659912109375
2021-04-22,3177.52001953125
2021-04-23,3181.080078125
2021-04-26,3217.530029296875
2021-04-27,3215.419921875
2021-04-28,3181.469970703125
2021-04-29,3174.070068359375
2021-04-30,3147.860107421875
2021-05-03,3127.199951171875
2021-05-04,3147.3701171875
2021-05-06,3160.429931640625
2021-05-07,3197.199951171875
2021-05-10,3249.300048828125
2021-05-11,3209.429931640625
2021-05-12,3161.659912109375
2021-05-13,3122.110107421875
2021-05-14,3153.320068359375
2021-05-17,3134.52001953125
2021-05-18,3173.050048828125
2021-05-20,3162.280029296875
2021-05-21,3156.419921875
2021-05-24,3144.300048828125
2021-05-25,3171.320068359375
2021-05-26,3168.429931640625
2021-05-27,3165.510009765625
2021-05-28,3188.72998046875
2021-05-31,3203.919921875
2021-06-01,3221.8701171875
2021-06-02,3224.22998046875
2021-06-03,3247.429931640625
2021-06-04,3240.080078125
2021-06-07,3252.1201171875
2021-06-08,3247.830078125
2021-06-09,3216.179931640625
2021-06-10,3224.639892578125
2021-06-11,3249.320068359375
2021-06-14,3252.1298828125
2021-06-15,3258.6298828125
2021-06-16,3278.679931640625
2021-06-17,3264.9599609375
2021-06-18,3267.929931640625
2021-06-21,3240.7900390625
2021-06-22,3263.8798828125
2021-06-23,3276.18994140625
2021-06-24,3286.10009765625
2021-06-25,3302.840087890625
2021-06-28,3301.889892578125
2021-06-29,3286.679931640625
2021-06-30,3296.679931640625
2021-07-01,3282.06005859375
2021-07-02,3281.780029296875
2021-07-05,3293.2099609375
2021-07-06,3305.2099609375
2021-07-07,3285.340087890625
2021-07-08,3252.679931640625
2021-07-09,3217.949951171875
2021-07-12,3246.469970703125
2021-07-13,3271.3798828125
2021-07-14,3264.81005859375
2021-07-15,3286.219970703125
2021-07-16,3276.909912109375
2021-07-19,3244.0400390625
2021-07-20,3232.699951171875
2021-07-21,3215.909912109375
2021-07-22,3250.2099609375
2021-07-23,3254.419921875
2021-07-26,3224.949951171875
2021-07-27,3232.530029296875
2021-07-28,3236.860107421875
2021-07-29,3242.64990234375
2021-07-30,3202.320068359375
2021-08-02,3223.0400390625
2021-08-03,3237.139892578125
2021-08-04,3280.3798828125
2021-08-05,3276.1298828125
2021-08-06,3270.360107421875
2021-08-09,3260.419921875
2021-08-10,3243.18994140625
2021-08-11,3220.6201171875
2021-08-12,3208.3798828125
2021-08-13,3171.2900390625
2021-08-17,3143.090087890625
2021-08-18,3158.929931640625
2021-08-19,3097.830078125
2021-08-20,3060.510009765625
2021-08-23,3090.2099609375
2021-08-24,3138.300048828125
2021-08-25,3146.81005859375
2021-08-26,3128.530029296875
2021-08-27,3133.89990234375
2021-08-30,3144.18994140625
2021-08-31,3199.27001953125
2021-09-01,3207.02001953125
2021-09-02,3175.85009765625
2021-09-03,3201.06005859375
2021-09-06,3203.330078125
2021-09-07,3187.419921875
2021-09-08,3162.989990234375
2021-09-09,3114.699951171875
2021-09-10,3125.760009765625
2021-09-13,3127.860107421875
2021-09-14,3148.830078125
2021-09-15,3153.39990234375
2021-09-16,3130.090087890625
2021-09-17,3140.510009765625
2021-09-23,3127.580078125
2021-09-24,3125.239990234375
2021-09-27,3133.639892578125
2021-09-28,3097.919921875
2021-09-29,3060.27001953125
2021-09-30,3068.820068359375
2021-10-01,3019.179931640625
2021-10-05,2962.169921875
2021-10-06,2908.31005859375
2021-10-07,2959.4599609375
2021-10-08,2956.300048828125
2021-10-12,2916.3798828125
2021-10-13,2944.409912109375
2021-10-14,2988.639892578125
2021-10-15,3015.06005859375
2021-10-18,3006.679931640625
2021-10-19,3029.0400390625
2021-10-20,3013.1298828125
2021-10-21,3007.330078125
2021-10-22,3006.159912109375
2021-10-25,3020.5400390625
2021-10-26,3049.080078125
2021-10-27,3025.489990234375
2021-10-28,3009.550048828125
2021-10-29,2970.679931640625
2021-11-01,2978.93994140625
2021-11-02,3013.489990234375
2021-11-03,2975.7099609375
2021-11-04,2983.219970703125
2021-11-05,2969.27001953125
2021-11-08,2960.199951171875
2021-11-09,2962.4599609375
2021-11-10,2930.169921875
2021-11-11,2924.919921875
2021-11-12,2968.800048828125
2021-11-15,2999.52001953125
2021-11-16,2997.2099609375
2021-11-17,2962.419921875
2021-11-18,2947.3798828125
2021-11-19,2971.02001953125
2021-11-22,3013.25
2021-11-23,2997.330078125
2021-11-24,2994.2900390625
2021-11-25,2980.27001953125
2021-11-26,2936.43994140625
2021-11-29,2909.320068359375
2021-11-30,2839.010009765625
2021-12-01,2899.719970703125
2021-12-02,2945.27001953125
2021-12-03,2968.330078125
2021-12-06,2973.25
2021-12-07,2991.719970703125
2021-12-08,3001.800048828125
2021-12-09,3029.570068359375
2021-12-10,3010.22998046875
2021-12-13,3001.659912109375
2021-12-14,2987.949951171875
2021-12-15,2989.389892578125
2021-12-16,3006.409912109375
2021-12-17,3017.72998046875
2021-12-20,2963.0
2021-12-21,2975.030029296875
2021-12-22,2984.47998046875
2021-12-23,2998.169921875
2021-12-24,3012.429931640625
2021-12-27,2999.550048828125
2021-12-28,3020.239990234375
2021-12-29,2993.2900390625
2021-12-30,2977.64990234375
2022-01-04,2989.239990234375
2022-01-05,2953.969970703125
2022-01-06,2920.530029296875
2022-01-07,2954.889892578125
2022-01-10,2926.719970703125
2022-01-11,2927.3798828125
2022-01-12,2972.47998046875
2022-01-13,2962.090087890625
2022-01-14,2921.919921875
2022-01-17,2890.10009765625
2022-01-18,2864.239990234375
2022-01-19,2842.280029296875
2022-01-20,2862.679931640625
2022-01-21,2834.2900390625
2022-01-24,2792.0
2022-01-25,2720.389892578125
2022-01-26,2709.239990234375
2022-01-27,2614.489990234375
2022-01-28,2663.340087890625
2022-02-03,2707.820068359375
2022-02-04,2750.260009765625
2022-02-07,2745.06005859375
2022-02-08,2746.469970703125
2022-02-09,2768.85009765625
2022-02-10,2771.929931640625
2022-02-11,2747.7099609375
2022-02-14,2704.47998046875
2022-02-15,2676.5400390625
2022-02-16,2729.679931640625
2022-02-17,2744.090087890625
2022-02-18,2744.52001953125
2022-02-21,2743.800048828125
2022-02-22,2706.7900390625
2022-02-23,2719.530029296875
2022-02-24,2648.800048828125
2022-02-25,2676.760009765625
2022-02-28,2699.179931640625
2022-03-02,2703.52001953125
2022-03-03,2747.080078125
2022-03-04,2713.429931640625
2022-03-07,2651.31005859375
2022-03-08,2622.39990234375
2022-03-10,2680.320068359375
2022-03-11,2661.280029296875
2022-03-14,2645.64990234375
2022-03-15,2621.530029296875
2022-03-16,2659.22998046875
2022-03-17,2694.510009765625
2022-03-18,2707.02001953125
2022-03-21,2686.050048828125
2022-03-22,2710.0
2022-03-23,2735.050048828125
2022-03-24,2729.659912109375
2022-03-25,2729.97998046875
2022-03-28,2729.56005859375
2022-03-29,2741.070068359375
2022-03-30,2746.739990234375
2022-03-31,2757.64990234375
2022-04-01,2739.85009765625
2022-04-04,2757.89990234375
2022-04-05,2759.199951171875
2022-04-06,2735.030029296875
2022-04-07,2695.860107421875
2022-04-08,2700.389892578125
2022-04-11,2693.10009765625
2022-04-12,2666.760009765625
2022-04-13,2716.489990234375
2022-04-14,2716.7099609375
2022-04-15,2696.06005859375
2022-04-18,2693.2099609375
2022-04-19,2718.889892578125
2022-04-20,2718.68994140625
2022-04-21,2728.2099609375
2022-04-22,2704.7099609375
2022-04-25,2657.1298828125
2022-04-26,2668.31005859375
2022-04-27,2639.06005859375
2022-04-28,2667.489990234375
2022-04-29,2695.050048828125
2022-05-02,2687.449951171875
2022-05-03,2680.4599609375
2022-05-04,2677.570068359375
2022-05-06,2644.510009765625
2022-05-10,2596.56005859375
2022-05-11,2592.27001953125
2022-05-12,2550.080078125
2022-05-13,2604.239990234375
2022-05-16,2596.580078125
2022-05-17,2620.43994140625
2022-05-18,2625.97998046875
2022-05-19,2592.340087890625
2022-05-20,2639.2900390625
2022-05-23,2647.3798828125
2022-05-24,2605.8701171875
2022-05-25,2617.219970703125
2022-05-26,2612.449951171875
2022-05-27,2638.050048828125
2022-05-30,2669.659912109375
2022-05-31,2685.89990234375
2022-06-02,2658.989990234375
2022-06-03,2670.64990234375
2022-06-07,2626.340087890625
2022-06-08,2626.14990234375
2022-06-09,2625.43994140625
2022-06-10,2595.8701171875
2022-06-13,2504.510009765625
2022-06-14,2492.969970703125
2022-06-15,2447.3798828125
2022-06-16,2451.409912109375
2022-06-17,2440.929931640625
2022-06-20,2391.030029296875
2022-06-21,2408.929931640625
2022-06-22,2342.81005859375
2022-06-23,2314.320068359375
2022-06-24,2366.60009765625
2022-06-27,2401.919921875
2022-06-28,2422.090087890625
2022-06-29,2377.989990234375
2022-06-30,2332.639892578125
2022-07-01,2305.419921875
2022-07-04,2300.340087890625
2022-07-05,2341.780029296875
2022-07-06,2292.010009765625
2022-07-07,2334.27001953125
2022-07-08,2350.610107421875
2022-07-11,2340.27001953125
2022-07-12,2317.760009765625
2022-07-13,2328.610107421875
2022-07-14,2322.320068359375
2022-07-15,2330.97998046875
2022-07-18,2375.25
2022-07-19,2370.969970703125
2022-07-20,2386.85009765625
2022-07-21,2409.159912109375
2022-07-22,2393.139892578125
2022-07-25,2403.68994140625
2022-07-26,2412.9599609375
2022-07-27,2415.530029296875
2022-07-28,2435.27001953125
2022-07-29,2451.5
2022-08-01,2452.25
2022-08-02,2439.6201171875
2022-08-03,2461.449951171875
2022-08-04,2473.110107421875
2022-08-05,2490.800048828125
2022-08-08,2493.10009765625
2022-08-09,2503.4599609375
2022-08-10,2480.8798828125
2022-08-11,2523.780029296875
2022-08-12,2527.93994140625
2022-08-16,2533.52001953125
2022-08-17,2516.469970703125
2022-08-18,2508.050048828125
2022-08-19,2492.68994140625
2022-08-22,2462.5
2022-08-23,2435.340087890625
2022-08-24,2447.449951171875
2022-08-25,2477.260009765625
2022-08-26,2481.030029296875
2022-08-29,2426.889892578125
2022-08-30,2450.929931640625
2022-08-31,2472.050048828125
2022-09-01,2415.610107421875
2022-09-02,2409.409912109375
2022-09-05,2403.679931640625
2022-09-06,2410.02001953125
2022-09-07,2376.4599609375
2022-09-08,2384.280029296875
2022-09-13,2449.5400390625
2022-09-14,2411.419921875
2022-09-15,2401.830078125
2022-09-16,2382.780029296875
2022-09-19,2355.659912109375
2022-09-20,2367.85009765625
2022-09-21,2347.2099609375
2022-09-22,2332.31005859375
2022-09-23,2290.0
2022-09-26,2220.93994140625
2022-09-27,2223.860107421875
2022-09-28,2169.2900390625
2022-09-29,2170.929931640625
2022-09-30,2155.489990234375
2022-10-04,2209.3798828125
2022-10-05,2215.219970703125
2022-10-06,2237.860107421875
2022-10-07,2232.840087890625
2022-10-11,2192.070068359375
2022-10-12,2202.469970703125
2022-10-13,2162.8701171875
2022-10-14,2212.550048828125
2022-10-17,2219.7099609375
2022-10-18,2249.949951171875
2022-10-19,2237.43994140625
2022-10-20,2218.090087890625
2022-10-21,2213.1201171875
2022-10-24,2236.159912109375
2022-10-25,2235.070068359375
2022-10-26,2249.56005859375
2022-10-27,2288.780029296875
2022-10-28,2268.39990234375
2022-10-31,2293.610107421875
2022-11-01,2335.219970703125
2022-11-02,2336.8701171875
2022-11-03,2329.169921875
2022-11-04,2348.429931640625
2022-11-07,2371.7900390625
2022-11-08,2399.0400390625
2022-11-09,2424.409912109375
2022-11-10,2402.22998046875
2022-11-11,2483.159912109375
2022-11-14,2474.64990234375
2022-11-15,2480.330078125
2022-11-16,2477.449951171875
2022-11-17,2442.89990234375
2022-11-18,2444.47998046875
2022-11-21,2419.5
2022-11-22,2405.27001953125
2022-11-23,2418.010009765625
2022-11-24,2441.330078125
2022-11-25,2437.860107421875
2022-11-28,2408.27001953125
2022-11-29,2433.389892578125
2022-11-30,2472.530029296875
2022-12-01,2479.840087890625
2022-12-02,2434.330078125
2022-12-05,2419.320068359375
2022-12-06,2393.159912109375
2022-12-07,2382.81005859375
2022-12-08,2371.080078125
2022-12-09,2389.0400390625
2022-12-12,2373.02001953125
2022-12-13,2372.39990234375
2022-12-14,2399.25
2022-12-15,2360.969970703125
2022-12-16,2360.02001953125
2022-12-19,2352.169921875
2022-12-20,2333.2900390625
2022-12-21,2328.949951171875
2022-12-22,2356.72998046875
2022-12-23,2313.68994140625
2022-12-26,2317.139892578125
2022-12-27,2332.7900390625
2022-12-28,2280.449951171875
2022-12-29,2236.39990234375
2023-01-02,2225.669921875
2023-01-03,2218.679931640625
2023-01-04,2255.97998046875
2023-01-05,2264.64990234375
2023-01-06,2289.969970703125
2023-01-09,2350.18994140625
2023-01-10,2351.31005859375
2023-01-11,2359.530029296875
2023-01-12,2365.10009765625
2023-01-13,2386.090087890625
2023-01-16,2399.860107421875
2023-01-17,2379.389892578125
2023-01-18,2368.320068359375
2023-01-19,2380.340087890625
2023-01-20,2395.260009765625
2023-01-25,2428.570068359375
2023-01-26,2468.64990234375
2023-01-27,2484.02001953125
2023-01-30,2450.469970703125
2023-01-31,2425.080078125
2023-02-01,2449.800048828125
2023-02-02,2468.8798828125
2023-02-03,2480.39990234375
2023-02-06,2438.18994140625
2023-02-07,2451.7099609375
2023-02-08,2483.639892578125
2023-02-09,2481.52001953125
2023-02-10,2469.72998046875
2023-02-13,2452.699951171875
2023-02-14,2465.639892578125
2023-02-15,2427.89990234375
2023-02-16,2475.47998046875
2023-02-17,2451.2099609375
2023-02-20,2455.1201171875
2023-02-21,2458.9599609375
2023-02-22,2417.679931640625
2023-02-23,2439.090087890625
2023-02-24,2423.610107421875
2023-02-27,2402.639892578125
2023-02-28,2412.85009765625
2023-03-02,2427.85009765625
2023-03-03,2432.070068359375
2023-03-06,2462.6201171875
2023-03-07,2463.35009765625
2023-03-08,2431.909912109375
2023-03-09,2419.090087890625
2023-03-10,2394.590087890625
2023-03-13,2410.60009765625
2023-03-14,2348.969970703125
2023-03-15,2379.719970703125
2023-03-16,2377.909912109375
2023-03-17,2395.68994140625
2023-03-20,2379.199951171875
2023-03-21,2388.35009765625
2023-03-22,2416.9599609375
2023-03-23,2424.47998046875
2023-03-24,2414.9599609375
2023-03-27,2409.219970703125
2023-03-28,2434.93994140625
2023-03-29,2443.919921875
2023-03-30,2453.159912109375
2023-03-31,2476.860107421875
2023-04-03,2472.340087890625
2023-04-04,2480.510009765625
2023-04-05,2495.2099609375
2023-04-06,2459.22998046875
2023-04-07,2490.409912109375
2023-04-10,2512.080078125
2023-04-11,2547.860107421875
2023-04-12,2550.639892578125
2023-04-13,2561.659912109375
2023-04-14,2571.489990234375
2023-04-17,2575.909912109375
2023-04-18,2571.090087890625
2023-04-19,2575.080078125
2023-04-20,2563.110107421875
2023-04-21,2544.39990234375
2023-04-24,2523.5
2023-04-25,2489.02001953125
2023-04-26,2484.830078125
2023-04-27,2495.81005859375
2023-04-28,2501.530029296875
2023-05-02,2524.389892578125
2023-05-03,2501.39990234375
2023-05-04,2500.93994140625
2023-05-08,2513.2099609375
2023-05-09,2510.06005859375
2023-05-10,2496.510009765625
2023-05-11,2491.0
2023-05-12,2475.419921875
2023-05-15,2479.35009765625
2023-05-16,2480.239990234375
2023-05-17,2494.659912109375
2023-05-18,2515.39990234375
2023-05-19,2537.7900390625
2023-05-22,2557.080078125
2023-05-23,2567.550048828125
2023-05-24,2567.449951171875
2023-05-25,2554.68994140625
2023-05-26,2558.81005859375
2023-05-30,2585.52001953125
2023-05-31,2577.1201171875
2023-06-01,2569.169921875
2023-06-02,2601.360107421875
2023-06-05,2615.409912109375
2023-06-07,2615.60009765625
2023-06-08,2610.85009765625
2023-06-09,2641.159912109375
2023-06-12,2629.35009765625
2023-06-13,2637.949951171875
2023-06-14,2619.080078125
2023-06-15,2608.5400390625
2023-06-16,2625.7900390625
2023-06-19,2609.5
2023-06-20,2604.909912109375
2023-06-21,2582.6298828125
2023-06-22,2593.699951171875
2023-06-23,2570.10009765625
2023-06-26,2582.199951171875
2023-06-27,2581.389892578125
2023-06-28,2564.18994140625
2023-06-29,2550.02001953125
2023-06-30,2564.280029296875
2023-07-03,2602.469970703125
2023-07-04,2593.31005859375
2023-07-05,2579.0
2023-07-06,2556.2900390625
2023-07-07,2526.7099609375
2023-07-10,2520.699951171875
2023-07-11,2562.489990234375
2023-07-12,2574.719970703125
2023-07-13,2591.22998046875
2023-07-14,2628.300048828125
2023-07-17,2619.0
2023-07-18,2607.6201171875
2023-07-19,2608.239990234375
2023-07-20,2600.22998046875
2023-07-21,2609.760009765625
2023-07-24,2628.530029296875
2023-07-25,2636.4599609375
2023-07-26,2592.360107421875
2023-07-27,2603.81005859375
2023-07-28,2608.320068359375
2023-07-31,2632.580078125
2023-08-01,2667.070068359375
2023-08-02,2616.469970703125
2023-08-03,2605.389892578125
2023-08-04,2602.800048828125
2023-08-07,2580.7099609375
2023-08-08,2573.97998046875
2023-08-09,2605.1201171875
2023-08-10,2601.56005859375
2023-08-11,2591.260009765625
2023-08-14,2570.8701171875
2023-08-16,2525.639892578125
2023-08-17,2519.85009765625
2023-08-18,2504.5
2023-08-21,2508.800048828125
2023-08-22,2515.739990234375
2023-08-23,2505.5
2023-08-24,2537.679931640625
2023-08-25,2519.139892578125
2023-08-28,2543.409912109375
2023-08-29,2552.159912109375
2023-08-30,2561.219970703125
2023-08-31,2556.27001953125
2023-09-01,2563.7099609375
2023-09-04,2584.550048828125
2023-09-05,2582.179931640625
2023-09-06,2563.340087890625
2023-09-07,2548.260009765625
2023-09-08,2547.679931640625
2023-09-11,2556.8798828125
2023-09-12,2536.580078125
2023-09-13,2534.699951171875
2023-09-14,2572.889892578125
2023-09-15,2601.280029296875
2023-09-18,2574.719970703125
2023-09-19,2559.2099609375
2023-09-20,2559.739990234375
2023-09-21,2514.969970703125
2023-09-22,2508.1298828125
2023-09-25,2495.760009765625
2023-09-26,2462.969970703125
2023-09-27,2465.070068359375
2023-10-04,2405.68994140625
2023-10-05,2403.60009765625
2023-10-06,2408.72998046875
2023-10-10,2402.580078125
2023-10-11,2450.080078125
2023-10-12,2479.820068359375
2023-10-13,2456.14990234375
2023-10-16,2436.239990234375
2023-10-17,2460.169921875
2023-10-18,2462.60009765625
2023-10-19,2415.800048828125
2023-10-20,2375.0
2023-10-23,2357.02001953125
2023-10-24,2383.510009765625
2023-10-25,2363.169921875
2023-10-26,2299.080078125
2023-10-27,2302.81005859375
2023-10-30,2310.550048828125
2023-10-31,2277.989990234375
2023-11-01,2301.56005859375
2023-11-02,2343.1201171875
2023-11-03,2368.340087890625
2023-11-06,2502.3701171875
2023-11-07,2443.9599609375
2023-11-08,2421.6201171875
2023-11-09,2427.080078125
2023-11-10,2409.659912109375
2023-11-13,2403.760009765625
2023-11-14,2433.25
2023-11-15,2486.669921875
2023-11-16,2488.179931640625
2023-11-17,2469.85009765625
2023-11-20,2491.199951171875
2023-11-21,2510.419921875
2023-11-22,2511.699951171875
2023-11-23,2514.9599609375
2023-11-24,2496.6298828125
2023-11-27,2495.659912109375
2023-11-28,2521.760009765625
2023-11-29,2519.81005859375
2023-11-30,2535.2900390625
2023-12-01,2505.010009765625
2023-12-04,2514.949951171875
2023-12-05,2494.280029296875
2023-12-06,2495.3798828125
2023-12-07,2492.070068359375
2023-12-08,2517.85009765625
2023-12-11,2525.360107421875
2023-12-12,2535.27001953125
2023-12-13,2510.659912109375
2023-12-14,2544.179931640625
2023-12-15,2563.56005859375
2023-12-18,2566.860107421875
2023-12-19,2568.550048828125
2023-12-20,2614.300048828125
2023-12-21,2600.02001953125
2023-12-22,2599.510009765625
2023-12-26,2602.590087890625
2023-12-27,2613.5
2023-12-28,2655.280029296875
2024-01-02,2669.81005859375
2024-01-03,2607.31005859375
2024-01-04,2587.02001953125
2024-01-05,2578.080078125
2024-01-08,2567.820068359375
2024-01-09,2561.239990234375
2024-01-10,2541.97998046875
2024-01-11,2540.27001953125
2024-01-12,2525.050048828125
2024-01-15,2525.989990234375
2024-01-16,2497.590087890625
2024-01-17,2435.89990234375
2024-01-18,2440.0400390625
2024-01-19,2472.739990234375
2024-01-22,2464.35009765625
2024-01-23,2478.610107421875
2024-01-24,2469.68994140625
2024-01-25,2470.340087890625
2024-01-26,2478.56005859375
2024-01-29,2500.64990234375
2024-01-30,2498.81005859375
2024-01-31,2497.090087890625
2024-02-01,2542.4599609375
2024-02-02,2615.31005859375
2024-02-05,2591.31005859375
2024-02-06,2576.199951171875
2024-02-07,2609.580078125
2024-02-08,2620.320068359375
2024-02-13,2649.639892578125
2024-02-14,2620.419921875
2024-02-15,2613.800048828125
2024-02-16,2648.760009765625
2024-02-19,2680.260009765625
2024-02-20,2657.7900390625
2024-02-21,2653.31005859375
2024-02-22,2664.27001953125
2024-02-23,2667.699951171875
2024-02-26,2647.080078125
2024-02-27,2625.050048828125
2024-02-28,2652.2900390625
2024-02-29,2642.360107421875
2024-03-04,2674.27001953125
2024-03-05,2649.39990234375
2024-03-06,2641.489990234375
2024-03-07,2647.6201171875
2024-03-08,2680.35009765625
2024-03-11,2659.840087890625
2024-03-12,2681.81005859375
2024-03-13,2693.570068359375
2024-03-14,2718.760009765625
2024-03-15,2666.840087890625
2024-03-18,2685.840087890625
2024-03-19,2656.169921875
2024-03-20,2690.139892578125
2024-03-21,2754.860107421875
2024-03-22,2748.56005859375
2024-03-25,2737.570068359375
2024-03-26,2757.090087890625
2024-03-27,2755.110107421875
2024-03-28,2745.820068359375
2024-03-29,2746.6298828125
2024-04-01,2747.860107421875
2024-04-02,2753.159912109375
2024-04-03,2706.969970703125
2024-04-04,2742.0
2024-04-05,2714.2099609375
2024-04-08,2717.64990234375
2024-04-09,2705.159912109375
2024-04-11,2706.9599609375
2024-04-12,2681.820068359375
2024-04-15,2670.429931640625
2024-04-16,2609.6298828125
2024-04-17,2584.179931640625
2024-04-18,2634.699951171875
2024-04-19,2591.860107421875
2024-04-22,2629.43994140625
2024-04-23,2623.02001953125
2024-04-24,2675.75
2024-04-25,2628.6201171875
2024-04-26,2656.330078125
2024-04-29,2687.43994140625
2024-04-30,2692.06005859375
2024-05-02,2683.64990234375
2024-05-03,2676.6298828125
2024-05-07,2734.360107421875
2024-05-08,2745.050048828125
2024-05-09,2712.139892578125
2024-05-10,2727.6298828125
2024-05-13,2727.2099609375
2024-05-14,2730.340087890625
2024-05-16,2753.0
2024-05-17,2724.6201171875
2024-05-20,2742.139892578125
2024-05-21,2724.179931640625
2024-05-22,2723.4599609375
2024-05-23,2721.81005859375
2024-05-24,2687.60009765625
2024-05-27,2722.989990234375
2024-05-28,2722.85009765625
2024-05-29,2677.300048828125
2024-05-30,2635.43994140625
2024-05-31,2636.52001953125
2024-06-03,2682.52001953125
2024-06-04,2662.10009765625
2024-06-05,2689.5
2024-06-07,2722.669921875
2024-06-10,2701.169921875
2024-06-11,2705.320068359375
2024-06-12,2728.169921875
2024-06-13,2754.889892578125
2024-06-14,2758.419921875
2024-06-17,2744.10009765625
2024-06-18,2763.919921875
2024-06-19,2797.330078125
2024-06-20,2807.6298828125
2024-06-21,2784.260009765625
2024-06-24,2764.72998046875
2024-06-25,2774.389892578125
2024-06-26,2792.050048828125
2024-06-27,2784.06005859375
2024-06-28,2797.820068359375
2024-07-01,2804.31005859375
2024-07-02,2780.860107421875
2024-07-03,2794.010009765625
2024-07-04,2824.93994140625
2024-07-05,2862.22998046875
2024-07-08,2857.760009765625
2024-07-09,2867.3798828125
2024-07-10,2867.989990234375
2024-07-11,2891.35009765625
2024-07-12,2857.0
2024-07-15,2860.919921875
2024-07-16,2866.090087890625
2024-07-17,2843.2900390625
2024-07-18,2824.35009765625
2024-07-19,2795.4599609375
2024-07-22,2763.510009765625
2024-07-23,2774.2900390625
2024-07-24,2758.7099609375
2024-07-25,2710.64990234375
2024-07-26,2731.89990234375
2024-07-29,2765.530029296875
2024-07-30,2738.18994140625
2024-07-31,2770.68994140625
2024-08-01,2777.679931640625
2024-08-02,2676.18994140625
2024-08-05,2441.550048828125
2024-08-06,2522.14990234375
2024-08-07,2568.409912109375
2024-08-08,2556.72998046875
2024-08-09,2588.429931640625
2024-08-12,2618.300048828125
2024-08-13,2621.5
2024-08-14,2644.5
2024-08-16,2697.22998046875
2024-08-19,2674.360107421875
2024-08-20,2696.6298828125
2024-08-21,2701.1298828125
2024-08-22,2707.669921875
2024-08-23,2701.68994140625
2024-08-26,2698.010009765625
2024-08-27,2689.25
2024-08-28,2689.830078125
2024-08-29,2662.280029296875
2024-08-30,2674.31005859375
2024-09-02,2681.0
2024-09-03,2664.6298828125
2024-09-04,2580.800048828125
2024-09-05,2575.5
2024-09-06,2544.280029296875
2024-09-09,2535.929931640625
2024-09-10,2523.429931640625
2024-09-11,2513.3701171875
2024-09-12,2572.090087890625
2024-09-13,2575.409912109375
2024-09-19,2580.800048828125
2024-09-20,2593.3701171875
2024-09-23,2602.010009765625
2024-09-24,2631.679931640625
2024-09-25,2596.320068359375
2024-09-26,2671.570068359375
2024-09-27,2649.780029296875
2024-09-30,2593.27001953125
2024-10-02,2561.68994140625
2024-10-04,2569.7099609375
2024-10-07,2610.3798828125
2024-10-08,2594.360107421875
2024-10-10,2599.159912109375
2024-10-11,2596.909912109375
2024-10-14,2623.2900390625
2024-10-15,2633.449951171875
2024-10-16,2610.360107421875
2024-10-17,2609.300048828125
2024-10-18,2593.820068359375
2024-10-21,2604.919921875
2024-10-22,2570.699951171875
2024-10-23,2599.6201171875
2024-10-24,2581.030029296875
2024-10-25,2583.27001953125
2024-10-28,2612.429931640625
2024-10-29,2617.800048828125
2024-10-30,2593.7900390625
2024-10-31,2556.14990234375
2024-11-01,2542.360107421875
2024-11-04,2588.969970703125
2024-11-05,2576.8798828125
2024-11-06,2563.510009765625
2024-11-07,2564.6298828125
2024-11-08,2561.14990234375
2024-11-11,2531.659912109375
2024-11-12,2482.570068359375
2024-11-13,2417.080078125
2024-11-14,2418.860107421875
2024-11-15,2416.860107421875
2024-11-18,2469.070068359375
2024-11-19,2471.949951171875
2024-11-20,2482.2900390625
2024-11-21,2480.6298828125
2024-11-22,2501.239990234375
2024-11-25,2534.340087890625
2024-11-26,2520.360107421875
2024-11-27,2503.06005859375
2024-11-28,2504.669921875
2024-11-29,2455.909912109375
2024-12-02,2454.47998046875
2024-12-03,2500.10009765625
2024-12-04,2464.0
2024-12-05,2441.85009765625
2024-12-06,2428.159912109375
2024-12-09,2360.580078125
2024-12-10,2417.840087890625
2024-12-11,2442.510009765625
2024-12-12,2482.1201171875
2024-12-13,2494.4599609375
2024-12-16,2488.969970703125
2024-12-17,2456.81005859375
2024-12-18,2484.429931640625
2024-12-19,2435.929931640625
2024-12-20,2404.14990234375
2024-12-23,2442.010009765625
2024-12-24,2440.52001953125
2024-12-26,2429.669921875
2024-12-27,2404.77001953125
2024-12-30,2399.489990234375
2025-01-02,2398.93994140625
2025-01-03,2441.919921875
2025-01-06,2488.639892578125
2025-01-07,2492.10009765625
2025-01-08,2521.050048828125
2025-01-09,2521.89990234375
2025-01-10,2515.780029296875
2025-01-13,2489.56005859375
2025-01-14,2497.39990234375
2025-01-15,2496.81005859375
2025-01-16,2527.489990234375
2025-01-17,2523.550048828125
2025-01-20,2520.050048828125
2025-01-21,2518.030029296875
2025-01-22,2547.06005859375
2025-01-23,2515.489990234375
2025-01-24,2536.800048828125
2025-01-31,2517.3701171875
2025-02-03,2453.949951171875
2025-02-04,2481.68994140625
2025-02-05,2509.27001953125
2025-02-06,2536.75
2025-02-07,2521.919921875
2025-02-10,2521.27001953125
2025-02-11,2539.050048828125
2025-02-12,2548.389892578125
2025-02-13,2583.169921875
2025-02-14,2591.050048828125
2025-02-17,2610.419921875
2025-02-18,2626.81005859375
2025-02-19,2671.52001953125
2025-02-20,2654.06005859375
2025-02-21,2654.580078125
2025-02-24,2645.27001953125
2025-02-25,2630.2900390625
2025-02-26,2641.090087890625
2025-02-27,2621.75
2025-02-28,2532.780029296875
2025-03-04,2528.919921875
2025-03-05,2558.1298828125
2025-03-06,2576.159912109375
2025-03-07,2563.47998046875
2025-03-10,2570.389892578125
2025-03-11,2537.60009765625
2025-03-12,2574.820068359375
2025-03-13,2573.639892578125
2025-03-14,2566.360107421875
2025-03-17,2610.68994140625
2025-03-18,2612.340087890625
2025-03-19,2628.6201171875
2025-03-20,2637.10009765625
2025-03-21,2643.1298828125
2025-03-24,2632.070068359375
2025-03-25,2615.81005859375
2025-03-26,2643.93994140625
2025-03-27,2607.14990234375
2025-03-28,2557.97998046875
2025-03-31,2481.1201171875
2025-04-01,2521.389892578125
2025-04-02,2505.860107421875
2025-04-03,2486.699951171875
2025-04-04,2465.419921875
2025-04-07,2328.199951171875
2025-04-08,2334.22998046875
2025-04-09,2293.699951171875
2025-04-10,2445.06005859375
2025-04-11,2432.719970703125
2025-04-14,2455.889892578125
2025-04-15,2477.409912109375
2025-04-16,2447.429931640625
2025-04-17,2470.409912109375
2025-04-18,2483.419921875
2025-04-21,2488.419921875
2025-04-22,2486.639892578125
2025-04-23,2525.56005859375
2025-04-24,2522.330078125
2025-04-25,2546.300048828125
2025-04-28,2548.860107421875
2025-04-29,2565.419921875
2025-04-30,2556.610107421875
2025-05-02,2559.7900390625
2025-05-07,2573.800048828125
2025-05-08,2579.47998046875
2025-05-09,2577.27001953125
2025-05-12,2607.330078125
2025-05-13,2608.419921875
2025-05-14,2640.570068359375
2025-05-15,2621.360107421875
2025-05-16,2626.8701171875
2025-05-19,2603.419921875
2025-05-20,2601.800048828125
2025-05-21,2625.580078125
2025-05-22,2593.669921875
2025-05-23,2592.090087890625
2025-05-26,2644.39990234375
2025-05-27,2637.219970703125
2025-05-28,2670.14990234375
2025-05-29,2720.639892578125
2025-05-30,2697.669921875
2025-06-02,2698.969970703125
2025-06-04,2770.840087890625
2025-06-05,2812.050048828125
2025-06-09,2855.77001953125
2025-06-10,2871.85009765625
2025-06-11,2907.0400390625
2025-06-12,2920.030029296875
2025-06-13,2894.6201171875
2025-06-16,2946.659912109375
2025-06-17,2950.300048828125
2025-06-18,2972.18994140625
2025-06-19,2977.739990234375
2025-06-20,3021.840087890625
2025-06-23,3014.469970703125
2025-06-24,3103.639892578125
2025-06-25,3108.25
2025-06-26,3079.56005859375
2025-06-27,3055.93994140625
2025-06-30,3071.699951171875
2025-07-01,3089.64990234375
2025-07-02,3075.06005859375
2025-07-03,3116.27001953125
2025-07-04,3054.280029296875
2025-07-07,3059.469970703125
2025-07-08,3114.949951171875
2025-07-09,3133.739990234375
2025-07-10,3183.22998046875
2025-07-11,3175.77001953125
2025-07-14,3202.030029296875
2025-07-15,3215.280029296875
2025-07-16,3186.3798828125
2025-07-17,3192.2900390625
2025-07-18,3188.070068359375
2025-07-21,3210.81005859375
2025-07-22,3169.93994140625
2025-07-23,3183.77001953125
2025-07-24,3190.449951171875
2025-07-25,3196.050048828125
2025-07-28,3209.52001953125
2025-07-29,3230.570068359375
2025-07-30,3254.469970703125
2025-07-31,3245.43994140625
2025-08-01,3119.409912109375
2025-08-04,3147.75
2025-08-05,3198.0
2025-08-06,3198.139892578125
2025-08-07,3227.679931640625
2025-08-08,3210.010009765625
2025-08-11,3206.77001953125
2025-08-12,3189.909912109375
2025-08-13,3224.3701171875
2025-08-14,3225.659912109375
2025-08-18,3177.280029296875
2025-08-19,3151.56005859375
2025-08-20,3130.090087890625
2025-08-21,3141.739990234375
2025-08-22,3168.72998046875
2025-08-25,3209.860107421875
2025-08-26,3179.360107421875
2025-08-27,3187.159912109375
2025-08-28,3196.320068359375
2025-08-29,3186.010009765625
2025-09-01,3142.929931640625
2025-09-02,3172.35009765625
2025-09-03,3184.419921875
2025-09-04,3200.830078125
2025-09-05,3205.1201171875
2025-09-08,3219.590087890625
2025-09-09,3260.050048828125
2025-09-10,3314.530029296875
2025-09-11,3344.199951171875
2025-09-12,3395.5400390625
2025-09-15,3407.31005859375
2025-09-16,3449.6201171875
2025-09-17,3413.39990234375
2025-09-18,3461.300048828125
2025-09-19,3445.239990234375
2025-09-22,3468.64990234375
2025-09-23,3486.18994140625
2025-09-24,3472.139892578125
2025-09-25,3471.110107421875
2025-09-26,3386.050048828125
2025-09-29,3431.2099609375
2025-09-30,3424.60009765625
2025-10-01,3455.830078125
2025-10-02,3549.2099609375
2025-10-10,3610.60009765625
2025-10-13,3584.550048828125
2025-10-14,3561.81005859375
2025-10-15,3657.280029296875
2025-10-16,3748.3701171875
2025-10-17,3748.889892578125
2025-10-20,3814.68994140625
2025-10-21,3823.840087890625
2025-10-22,3883.679931640625
2025-10-23,3845.56005859375
2025-10-24,3941.590087890625
2025-10-27,4042.830078125
2025-10-28,4010.409912109375
2025-10-29,4081.14990234375
2025-10-30,4086.889892578125
2025-10-31,4107.5
2025-11-03,4221.8701171875
2025-11-04,4121.740234375
2025-11-05,4004.419921875
2025-11-06,4026.449951171875
2025-11-07,3953.760009765625
2025-11-10,4073.239990234375
2025-11-11,4106.39013671875
2025-11-12,4150.39013671875
2025-11-13,4170.6298828125
2025-11-14,4011.570068359375
2025-11-17,4089.25
2025-11-18,3953.6201171875
2025-11-19,3929.510009765625
2025-11-20,4004.85009765625
2025-11-21,3853.260009765625
2025-11-24,3846.06005859375
2025-11-25,3857.780029296875
2025-11-26,3960.8701171875
2025-11-27,3986.909912109375
2025-11-28,3926.590087890625
2025-12-01,3920.3701171875
2025-12-02,3994.929931640625
2025-12-03,4036.300048828125
2025-12-04,4028.510009765625
2025-12-05,4100.0498046875
2025-12-08,4154.85009765625
2025-12-09,4143.5498046875
2025-12-10,4135.0
2025-12-11,4110.6201171875
2025-12-12,4167.16015625
2025-12-15,4090.590087890625
2025-12-16,3999.1298828125
2025-12-17,4056.409912109375
2025-12-18,3994.510009765625
2025-12-19,4020.550048828125
2025-12-22,4105.93017578125
2025-12-23,4117.31982421875
2025-12-24,4108.6201171875
2025-12-26,4129.68017578125
2025-12-29,4220.56005859375
2025-12-30,4214.169921875
2026-01-02,4309.6298828125
2026-01-05,4457.52001953125
2026-01-06,4525.47998046875
2026-01-07,4551.06005859375
2026-01-08,4552.3701171875
2026-01-09,4586.31982421875
2026-01-12,4624.7900390625
2026-01-13,4692.64013671875
2026-01-14,4723.10009765625
2026-01-15,4797.5498046875
2026-01-16,4840.740234375
2026-01-19,4904.66015625
2026-01-20,4885.75
2026-01-21,4909.93017578125
2026-01-22,4952.52978515625
2026-01-23,4990.06982421875
2026-01-26,4949.58984375
2026-01-27,5084.85009765625
2026-01-28,5170.81005859375
2026-01-29,5221.25
2026-01-30,5224.35986328125
2026-02-02,4949.669921875
2026-02-03,5288.080078125
2026-02-04,5371.10009765625
2026-02-05,5163.56982421875
2026-02-06,5089.14013671875
2026-02-09,5298.0400390625
2026-02-10,5301.68994140625
2026-02-11,5354.490234375
2026-02-12,5522.27001953125
2026-02-13,5507.009765625
2026-02-19,5677.25
2026-02-20,5808.52978515625
2026-02-23,5846.08984375
2026-02-24,5969.64013671875
2026-02-25,6083.85986328125
2026-02-26,6307.27001953125
2026-02-27,6244.1298828125
2026-03-03,5791.91015625
2026-03-04,5093.5400390625
2026-03-05,5583.89990234375
2026-03-06,5584.8701171875
2026-03-09,5251.8701171875
2026-03-10,5532.58984375
2026-03-11,5609.9501953125
2026-03-12,5583.25
2026-03-13,5487.240234375
2026-03-16,5549.85009765625
2026-03-17,5640.47998046875
2026-03-18,5925.02978515625
2026-03-19,5763.22021484375
2026-03-20,5781.2001953125
2026-03-23,5405.75
2026-03-24,5553.919921875
2026-03-25,5642.2099609375
2026-03-26,5460.4599609375
2026-03-27,5438.8701171875
2026-03-30,5277.2998046875
2026-03-31,5052.4599609375
2026-04-01,5478.7001953125
2026-04-02,5234.0498046875
2026-04-03,5377.2998046875
2026-04-06,5450.330078125
2026-04-07,5494.77978515625
2026-04-08,5872.33984375
2026-04-09,5778.009765625
2026-04-10,5858.8701171875
2026-04-13,5808.6201171875
2026-04-14,5967.75
2026-04-15,6091.39013671875
2026-04-16,6226.0498046875
2026-04-17,6191.919921875
2026-04-20,6219.08984375
2026-04-21,6388.47021484375
2026-04-22,6417.93017578125
2026-04-23,6475.81005859375
2026-04-24,6475.6298828125
2026-04-27,6615.02978515625
2026-04-28,6641.02001953125
2026-04-29,6690.89990234375
2026-04-30,6598.8701171875
2026-05-04,6936.990234375
2026-05-06,7384.56005859375
2026-05-07,7490.0498046875
2026-05-08,7498.0
2026-05-11,7822.240234375
2026-05-12,7643.14990234375
2026-05-13,7844.009765625
2026-05-14,7981.41015625
2026-05-15,7493.18017578125
2026-05-18,7516.0400390625
2026-05-19,7271.66015625
2026-05-20,7208.9501953125
2026-05-21,7815.58984375
2026-05-22,7847.7099609375
2026-05-26,8047.509765625
2026-05-27,8228.7001953125
2026-05-28,8185.2900390625
2026-05-29,8476.150390625
2026-06-01,8788.3798828125
2026-06-02,8801.490234375
2026-06-04,8639.41015625
2026-06-05,8160.58984375
2026-06-08,7484.41015625
2026-06-09,8096.93017578125
2026-06-10,7730.81982421875
2026-06-11,7763.9501953125
2026-06-12,8123.6201171875
2026-06-15,8545.98046875
2026-06-16,8726.599609375
2026-06-17,8864.240234375
2026-06-18,9063.83984375
2026-06-19,9052.419921875
2026-06-22,9114.5498046875
2026-06-23,8203.83984375
2026-06-24,8471.01953125
2026-06-25,8930.2998046875
2026-06-26,8411.2099609375
2026-06-29,8394.650390625
2026-06-30,8476.48046875
2026-07-01,8303.41015625
2026-07-02,7648.08984375
2026-07-03,8088.33984375
2026-07-06,8051.330078125
2026-07-07,7656.31005859375
2026-07-08,7246.7900390625
2026-07-09,7291.91015625
2026-07-10,7475.93994140625
2026-07-13,6806.93017578125
2026-07-14,6856.830078125
2026-07-15,7284.41015625
2026-07-16,6820.60009765625
2026-07-20,6516.27001953125
2026-07-21,6747.9501953125
2026-07-22,6797.7001953125
2026-07-23,7096.89013671875
2026-07-24,6690.6201171875
2026-07-27,6755.75
2026-07-28,6023.66015625
2026-07-29,5663.240234375
2026-07-30,5593.56005859375
2026-07-31,6595.4501953125
2026-08-03,6257.4501953125
2026-08-04,6358.9501953125
2026-08-05,6598.259765625
2026-08-06,6296.3798828125
2026-08-07,6258.77001953125
