date,sse_composite
2015-07-30,3705.76611328125
2015-07-31,3663.72607421875
2015-08-03,3622.905029296875
2015-08-04,3756.544921875
2015-08-05,3694.572998046875
2015-08-06,3661.5390625
2015-08-07,3744.205078125
2015-08-10,3928.4150390625
2015-08-11,3927.907958984375
2015-08-12,3886.320068359375
2015-08-13,3954.555908203125
2015-08-14,3965.3349609375
2015-08-17,3993.66796875
2015-08-18,3748.1640625
2015-08-19,3794.10888671875
2015-08-20,3664.291015625
2015-08-21,3507.743896484375
2015-08-24,3209.905029296875
2015-08-25,2964.967041015625
2015-08-26,2927.2880859375
2015-08-27,3083.591064453125
2015-08-28,3232.35009765625
2015-08-31,3205.986083984375
2015-09-01,3166.6240234375
2015-09-02,3160.1669921875
2015-09-07,3080.419921875
2015-09-08,3170.451904296875
2015-09-09,3243.089111328125
2015-09-10,3197.89306640625
2015-09-11,3200.23388671875
2015-09-14,3114.798095703125
2015-09-15,3005.172119140625
2015-09-16,3152.262939453125
2015-09-17,3086.06103515625
2015-09-18,3097.9169921875
2015-09-21,3156.5400390625
2015-09-22,3185.618896484375
2015-09-23,3115.887939453125
2015-09-24,3142.68701171875
2015-09-25,3092.346923828125
2015-09-28,3100.756103515625
2015-09-29,3038.136962890625
2015-09-30,3052.781005859375
2015-10-08,3143.35693359375
2015-10-09,3183.152099609375
2015-10-12,3287.662109375
2015-10-13,3293.22998046875
2015-10-14,3262.44091796875
2015-10-15,3338.072998046875
2015-10-16,3391.35205078125
2015-10-19,3386.699951171875
2015-10-20,3425.330078125
2015-10-21,3320.676025390625
2015-10-22,3368.739013671875
2015-10-23,3412.43408203125
2015-10-26,3429.5810546875
2015-10-27,3434.3359375
2015-10-28,3375.196044921875
2015-10-29,3387.31494140625
2015-10-30,3382.56103515625
2015-11-02,3325.0849609375
2015-11-03,3316.695068359375
2015-11-04,3459.639892578125
2015-11-05,3522.819091796875
2015-11-06,3590.031982421875
2015-11-09,3646.881103515625
2015-11-10,3640.485107421875
2015-11-11,3650.2490234375
2015-11-12,3632.902099609375
2015-11-13,3580.839111328125
2015-11-16,3606.95703125
2015-11-17,3604.794921875
2015-11-18,3568.468017578125
2015-11-19,3617.06201171875
2015-11-20,3630.5
2015-11-23,3610.31494140625
2015-11-24,3616.113037109375
2015-11-25,3647.929931640625
2015-11-26,3635.552001953125
2015-11-27,3436.302978515625
2015-11-30,3445.405029296875
2015-12-01,3456.30908203125
2015-12-02,3536.905029296875
2015-12-03,3584.823974609375
2015-12-04,3524.991943359375
2015-12-07,3536.927001953125
2015-12-08,3470.070068359375
2015-12-09,3472.43896484375
2015-12-10,3455.4951171875
2015-12-11,3434.5810546875
2015-12-14,3520.66796875
2015-12-15,3510.35400390625
2015-12-16,3516.18701171875
2015-12-17,3579.9990234375
2015-12-18,3578.964111328125
2015-12-21,3642.471923828125
2015-12-22,3651.76708984375
2015-12-23,3636.089111328125
2015-12-24,3612.485107421875
2015-12-25,3628.0009765625
2015-12-28,3533.779052734375
2015-12-29,3563.736083984375
2015-12-30,3572.8759765625
2015-12-31,3539.181884765625
2016-01-04,3296.258056640625
2016-01-05,3287.7109375
2016-01-06,3361.840087890625
2016-01-07,3125.001953125
2016-01-08,3186.412109375
2016-01-11,3016.7041015625
2016-01-12,3022.861083984375
2016-01-13,2949.596923828125
2016-01-14,3007.64892578125
2016-01-15,2900.969970703125
2016-01-18,2913.8369140625
2016-01-19,3007.739013671875
2016-01-20,2976.694091796875
2016-01-21,2880.48193359375
2016-01-22,2916.56201171875
2016-01-25,2938.514892578125
2016-01-26,2749.784912109375
2016-01-27,2735.55810546875
2016-01-28,2655.660888671875
2016-01-29,2737.60009765625
2016-02-01,2688.85400390625
2016-02-02,2749.570068359375
2016-02-03,2739.2470703125
2016-02-04,2781.02294921875
2016-02-05,2763.491943359375
2016-02-15,2746.196044921875
2016-02-16,2836.571044921875
2016-02-17,2867.337890625
2016-02-18,2862.89306640625
2016-02-19,2860.02099609375
2016-02-22,2927.175048828125
2016-02-23,2903.3310546875
2016-02-24,2928.89599609375
2016-02-25,2741.2451171875
2016-02-26,2767.2099609375
2016-02-29,2687.97900390625
2016-03-01,2733.169921875
2016-03-02,2849.680908203125
2016-03-03,2859.758056640625
2016-03-04,2874.14697265625
2016-03-07,2897.340087890625
2016-03-08,2901.386962890625
2016-03-09,2862.555908203125
2016-03-10,2804.72607421875
2016-03-11,2810.306884765625
2016-03-14,2859.4990234375
2016-03-15,2864.367919921875
2016-03-16,2870.429931640625
2016-03-17,2904.83203125
2016-03-18,2955.14990234375
2016-03-21,3018.802001953125
2016-03-22,2999.363037109375
2016-03-23,3009.9599609375
2016-03-24,2960.969970703125
2016-03-25,2979.1259765625
2016-03-28,2957.820068359375
2016-03-29,2919.83203125
2016-03-30,3000.64501953125
2016-03-31,3003.9150390625
2016-04-01,3009.530029296875
2016-04-05,3053.06494140625
2016-04-06,3050.592041015625
2016-04-07,3008.419921875
2016-04-08,2984.9580078125
2016-04-11,3033.95703125
2016-04-12,3023.64599609375
2016-04-13,3066.637939453125
2016-04-14,3082.362060546875
2016-04-15,3078.116943359375
2016-04-18,3033.659912109375
2016-04-19,3042.822998046875
2016-04-20,2972.583984375
2016-04-21,2952.89111328125
2016-04-22,2959.239990234375
2016-04-25,2946.669921875
2016-04-26,2964.699951171875
2016-04-27,2953.6708984375
2016-04-28,2945.589111328125
2016-04-29,2938.323974609375
2016-05-03,2992.64306640625
2016-05-04,2991.27197265625
2016-05-05,2997.842041015625
2016-05-06,2913.248046875
2016-05-09,2832.113037109375
2016-05-10,2832.591064453125
2016-05-11,2837.037109375
2016-05-12,2835.862060546875
2016-05-13,2827.10888671875
2016-05-16,2850.862060546875
2016-05-17,2843.68408203125
2016-05-18,2807.513916015625
2016-05-19,2806.906005859375
2016-05-20,2825.48291015625
2016-05-23,2843.64501953125
2016-05-24,2821.666015625
2016-05-25,2815.0859375
2016-05-26,2822.443115234375
2016-05-27,2821.0458984375
2016-05-30,2822.450927734375
2016-05-31,2916.615966796875
2016-06-01,2913.508056640625
2016-06-02,2925.22900390625
2016-06-03,2938.681884765625
2016-06-06,2934.097900390625
2016-06-07,2936.044921875
2016-06-08,2927.158935546875
2016-06-13,2833.071044921875
2016-06-14,2842.18896484375
2016-06-15,2887.2099609375
2016-06-16,2872.81689453125
2016-06-17,2885.10498046875
2016-06-20,2888.80908203125
2016-06-21,2878.55810546875
2016-06-22,2905.550048828125
2016-06-23,2891.9599609375
2016-06-24,2854.285888671875
2016-06-27,2895.702880859375
2016-06-28,2912.556884765625
2016-06-29,2931.592041015625
2016-06-30,2929.60595703125
2016-07-01,2932.47607421875
2016-07-04,2988.60400390625
2016-07-05,3006.39208984375
2016-07-06,3017.2919921875
2016-07-07,3016.846923828125
2016-07-08,2988.093994140625
2016-07-11,2994.9169921875
2016-07-12,3049.381103515625
2016-07-13,3060.68896484375
2016-07-14,3054.01806640625
2016-07-15,3054.2958984375
2016-07-18,3043.56396484375
2016-07-19,3036.597900390625
2016-07-20,3027.89990234375
2016-07-21,3039.009033203125
2016-07-22,3012.81591796875
2016-07-25,3015.827880859375
2016-07-26,3050.166015625
2016-07-27,2991.9990234375
2016-07-28,2994.322998046875
2016-07-29,2979.339111328125
2016-08-01,2953.385009765625
2016-08-02,2971.279052734375
2016-08-03,2978.4609375
2016-08-04,2982.426025390625
2016-08-05,2976.696044921875
2016-08-08,3004.277099609375
2016-08-09,3025.680908203125
2016-08-10,3018.74609375
2016-08-11,3002.637939453125
2016-08-12,3050.6669921875
2016-08-15,3125.195068359375
2016-08-16,3110.037109375
2016-08-17,3109.554931640625
2016-08-18,3104.114013671875
2016-08-19,3108.10205078125
2016-08-22,3084.804931640625
2016-08-23,3089.7060546875
2016-08-24,3085.8798828125
2016-08-25,3068.3291015625
2016-08-26,3070.30908203125
2016-08-29,3070.027099609375
2016-08-30,3074.677001953125
2016-08-31,3085.490966796875
2016-09-01,3063.304931640625
2016-09-02,3067.35205078125
2016-09-05,3072.094970703125
2016-09-06,3090.712890625
2016-09-07,3091.927978515625
2016-09-08,3095.9541015625
2016-09-09,3078.85498046875
2016-09-12,3021.97705078125
2016-09-13,3023.510009765625
2016-09-14,3002.84912109375
2016-09-19,3026.051025390625
2016-09-20,3023.0
2016-09-21,3025.8740234375
2016-09-22,3042.31298828125
2016-09-23,3033.89599609375
2016-09-26,2980.429931640625
2016-09-27,2998.172119140625
2016-09-28,2987.85791015625
2016-09-29,2998.48291015625
2016-09-30,3004.702880859375
2016-10-10,3048.14306640625
2016-10-11,3065.25
2016-10-12,3058.498046875
2016-10-13,3061.345947265625
2016-10-14,3063.80908203125
2016-10-17,3041.166015625
2016-10-18,3083.875
2016-10-19,3084.718994140625
2016-10-20,3084.4580078125
2016-10-21,3090.94091796875
2016-10-24,3128.2470703125
2016-10-25,3131.93896484375
2016-10-26,3116.31201171875
2016-10-27,3112.35009765625
2016-10-28,3104.27001953125
2016-10-31,3100.491943359375
2016-11-01,3122.43603515625
2016-11-02,3102.73291015625
2016-11-03,3128.93603515625
2016-11-04,3125.31689453125
2016-11-07,3133.3330078125
2016-11-08,3147.887939453125
2016-11-09,3128.3701171875
2016-11-10,3171.281982421875
2016-11-11,3196.0439453125
2016-11-14,3210.37109375
2016-11-15,3206.986083984375
2016-11-16,3205.056884765625
2016-11-17,3208.452880859375
2016-11-18,3192.85595703125
2016-11-21,3218.14794921875
2016-11-22,3248.35205078125
2016-11-23,3241.136962890625
2016-11-24,3241.736083984375
2016-11-25,3261.93798828125
2016-11-28,3277.0
2016-11-29,3282.924072265625
2016-11-30,3250.033935546875
2016-12-01,3273.30908203125
2016-12-02,3243.843017578125
2016-12-05,3204.708984375
2016-12-06,3199.64697265625
2016-12-07,3222.241943359375
2016-12-08,3215.365966796875
2016-12-09,3232.883056640625
2016-12-12,3152.969970703125
2016-12-13,3155.037109375
2016-12-14,3140.531005859375
2016-12-15,3117.677001953125
2016-12-16,3122.98193359375
2016-12-19,3118.0849609375
2016-12-20,3102.8759765625
2016-12-21,3137.429931640625
2016-12-22,3139.55810546875
2016-12-23,3110.154052734375
2016-12-26,3122.569091796875
2016-12-27,3114.6640625
2016-12-28,3102.236083984375
2016-12-29,3096.096923828125
2016-12-30,3103.636962890625
2017-01-03,3135.9208984375
2017-01-04,3158.7939453125
2017-01-05,3165.410888671875
2017-01-06,3154.321044921875
2017-01-09,3171.236083984375
2017-01-10,3161.6708984375
2017-01-11,3136.75390625
2017-01-12,3119.2890625
2017-01-13,3112.763916015625
2017-01-16,3103.427978515625
2017-01-17,3108.77490234375
2017-01-18,3113.011962890625
2017-01-19,3101.299072265625
2017-01-20,3123.138916015625
2017-01-23,3136.77490234375
2017-01-24,3142.552978515625
2017-01-25,3149.554931640625
2017-01-26,3159.166015625
2017-02-03,3140.169921875
2017-02-06,3156.98388671875
2017-02-07,3153.087890625
2017-02-08,3166.98193359375
2017-02-09,3183.178955078125
2017-02-10,3196.698974609375
2017-02-13,3216.839111328125
2017-02-14,3217.927978515625
2017-02-15,3212.986083984375
2017-02-16,3229.617919921875
2017-02-17,3202.075927734375
2017-02-20,3239.9609375
2017-02-21,3253.325927734375
2017-02-22,3261.218017578125
2017-02-23,3251.375
2017-02-24,3253.43310546875
2017-02-27,3228.659912109375
2017-02-28,3241.73291015625
2017-03-01,3246.93408203125
2017-03-02,3230.028076171875
2017-03-03,3218.31201171875
2017-03-06,3233.865966796875
2017-03-07,3242.406005859375
2017-03-08,3240.6650390625
2017-03-09,3216.74609375
2017-03-10,3212.760009765625
2017-03-13,3237.02392578125
2017-03-14,3239.327880859375
2017-03-15,3241.760009765625
2017-03-16,3268.93505859375
2017-03-17,3237.447021484375
2017-03-20,3250.80810546875
2017-03-21,3261.611083984375
2017-03-22,3245.219970703125
2017-03-23,3248.550048828125
2017-03-24,3269.445068359375
2017-03-27,3266.955078125
2017-03-28,3252.947998046875
2017-03-29,3241.31396484375
2017-03-30,3210.237060546875
2017-03-31,3222.513916015625
2017-04-05,3270.304931640625
2017-04-06,3281.0048828125
2017-04-07,3286.615966796875
2017-04-10,3269.39306640625
2017-04-11,3288.966064453125
2017-04-12,3273.830078125
2017-04-13,3275.9599609375
2017-04-14,3244.48291015625
2017-04-17,3222.1669921875
2017-04-18,3196.712890625
2017-04-19,3170.68701171875
2017-04-20,3172.10009765625
2017-04-21,3173.15087890625
2017-04-24,3129.531005859375
2017-04-25,3134.56689453125
2017-04-26,3140.846923828125
2017-04-27,3152.18701171875
2017-04-28,3154.657958984375
2017-05-02,3143.7119140625
2017-05-03,3135.345947265625
2017-05-04,3127.368896484375
2017-05-05,3103.0380859375
2017-05-08,3078.613037109375
2017-05-09,3080.527099609375
2017-05-10,3052.784912109375
2017-05-11,3061.5
2017-05-12,3083.512939453125
2017-05-15,3090.22900390625
2017-05-16,3112.964111328125
2017-05-17,3104.44189453125
2017-05-18,3090.138916015625
2017-05-19,3090.631103515625
2017-05-22,3075.676025390625
2017-05-23,3061.947021484375
2017-05-24,3064.075927734375
2017-05-25,3107.8310546875
2017-05-26,3110.05908203125
2017-05-31,3117.177978515625
2017-06-01,3102.623046875
2017-06-02,3105.5400390625
2017-06-05,3091.656005859375
2017-06-06,3102.1259765625
2017-06-07,3140.324951171875
2017-06-08,3150.333984375
2017-06-09,3158.39990234375
2017-06-12,3139.876953125
2017-06-13,3153.742919921875
2017-06-14,3130.674072265625
2017-06-15,3132.486083984375
2017-06-16,3123.166015625
2017-06-19,3144.3740234375
2017-06-20,3140.013916015625
2017-06-21,3156.2119140625
2017-06-22,3147.452880859375
2017-06-23,3157.873046875
2017-06-26,3185.444091796875
2017-06-27,3191.197021484375
2017-06-28,3173.200927734375
2017-06-29,3188.06298828125
2017-06-30,3192.427001953125
2017-07-03,3195.912109375
2017-07-04,3182.803955078125
2017-07-05,3207.134033203125
2017-07-06,3212.444091796875
2017-07-07,3217.95703125
2017-07-10,3212.632080078125
2017-07-11,3203.0380859375
2017-07-12,3197.5439453125
2017-07-13,3218.1630859375
2017-07-14,3222.4169921875
2017-07-17,3176.465087890625
2017-07-18,3187.56689453125
2017-07-19,3230.97607421875
2017-07-20,3244.864990234375
2017-07-21,3237.98193359375
2017-07-24,3250.59912109375
2017-07-25,3243.68896484375
2017-07-26,3247.675048828125
2017-07-27,3249.781005859375
2017-07-28,3253.239990234375
2017-07-31,3273.028076171875
2017-08-01,3292.637939453125
2017-08-02,3285.056884765625
2017-08-03,3272.928955078125
2017-08-04,3262.0810546875
2017-08-07,3279.45703125
2017-08-08,3281.873046875
2017-08-09,3275.572998046875
2017-08-10,3261.7490234375
2017-08-11,3208.541015625
2017-08-14,3237.360107421875
2017-08-15,3251.261962890625
2017-08-16,3246.450927734375
2017-08-17,3268.429931640625
2017-08-18,3268.72412109375
2017-08-21,3286.906005859375
2017-08-22,3290.22607421875
2017-08-23,3287.705078125
2017-08-24,3271.511962890625
2017-08-25,3331.52197265625
2017-08-28,3362.65087890625
2017-08-29,3365.22607421875
2017-08-30,3363.626953125
2017-08-31,3360.81005859375
2017-09-01,3367.118896484375
2017-09-04,3379.8359375
2017-09-05,3384.31689453125
2017-09-06,3385.388916015625
2017-09-07,3365.4970703125
2017-09-08,3365.242919921875
2017-09-11,3376.4189453125
2017-09-12,3379.488037109375
2017-09-13,3384.14697265625
2017-09-14,3371.426025390625
2017-09-15,3353.618896484375
2017-09-18,3362.85888671875
2017-09-19,3356.844970703125
2017-09-20,3365.99609375
2017-09-21,3357.81201171875
2017-09-22,3352.529052734375
2017-09-25,3341.549072265625
2017-09-26,3343.5830078125
2017-09-27,3345.27197265625
2017-09-28,3339.64208984375
2017-09-29,3348.943115234375
2017-10-09,3374.3779296875
2017-10-10,3382.988037109375
2017-10-11,3388.283935546875
2017-10-12,3386.10009765625
2017-10-13,3390.52294921875
2017-10-16,3378.469970703125
2017-10-17,3372.041015625
2017-10-18,3381.7939453125
2017-10-19,3370.172119140625
2017-10-20,3378.64794921875
2017-10-23,3380.698974609375
2017-10-24,3388.248046875
2017-10-25,3396.89794921875
2017-10-26,3407.56689453125
2017-10-27,3416.81201171875
2017-10-30,3390.3369140625
2017-10-31,3393.342041015625
2017-11-01,3395.9130859375
2017-11-02,3383.31005859375
2017-11-03,3371.743896484375
2017-11-06,3388.174072265625
2017-11-07,3413.574951171875
2017-11-08,3415.4599609375
2017-11-09,3427.794921875
2017-11-10,3432.673095703125
2017-11-13,3447.8359375
2017-11-14,3429.548095703125
2017-11-15,3402.52490234375
2017-11-16,3399.25
2017-11-17,3382.907958984375
2017-11-20,3392.39892578125
2017-11-21,3410.498046875
2017-11-22,3430.464111328125
2017-11-23,3352.989013671875
2017-11-24,3353.821044921875
2017-11-27,3322.22998046875
2017-11-28,3333.656982421875
2017-11-29,3337.862060546875
2017-11-30,3317.18798828125
2017-12-01,3317.616943359375
2017-12-04,3309.617919921875
2017-12-05,3303.675048828125
2017-12-06,3293.965087890625
2017-12-07,3272.053955078125
2017-12-08,3289.991943359375
2017-12-11,3322.196044921875
2017-12-12,3280.81396484375
2017-12-13,3303.037109375
2017-12-14,3292.43896484375
2017-12-15,3266.136962890625
2017-12-18,3267.922119140625
2017-12-19,3296.5380859375
2017-12-20,3287.60595703125
2017-12-21,3300.05908203125
2017-12-22,3297.06298828125
2017-12-25,3280.839111328125
2017-12-26,3306.125
2017-12-27,3275.782958984375
2017-12-28,3296.385009765625
2017-12-29,3307.172119140625
2018-01-02,3348.325927734375
2018-01-03,3369.10791015625
2018-01-04,3385.7099609375
2018-01-05,3391.75
2018-01-08,3409.47998046875
2018-01-09,3413.89990234375
2018-01-10,3421.833984375
2018-01-11,3425.344970703125
2018-01-12,3428.94091796875
2018-01-15,3410.488037109375
2018-01-16,3436.593994140625
2018-01-17,3444.6708984375
2018-01-18,3474.75390625
2018-01-19,3487.864013671875
2018-01-22,3501.362060546875
2018-01-23,3546.5048828125
2018-01-24,3559.465087890625
2018-01-25,3548.306884765625
2018-01-26,3558.12890625
2018-01-29,3523.0009765625
2018-01-30,3488.009033203125
2018-01-31,3480.8330078125
2018-02-01,3446.97998046875
2018-02-02,3462.0810546875
2018-02-05,3487.4970703125
2018-02-06,3370.652099609375
2018-02-07,3309.260009765625
2018-02-08,3262.050048828125
2018-02-09,3129.85107421875
2018-02-12,3154.125
2018-02-13,3184.958984375
2018-02-14,3199.158935546875
2018-02-22,3268.55908203125
2018-02-23,3289.02392578125
2018-02-26,3329.573974609375
2018-02-27,3292.068115234375
2018-02-28,3259.407958984375
2018-03-01,3273.7548828125
2018-03-02,3254.528076171875
2018-03-05,3256.926025390625
2018-03-06,3289.64208984375
2018-03-07,3271.66796875
2018-03-08,3288.406005859375
2018-03-09,3307.166015625
2018-03-12,3326.698974609375
2018-03-13,3310.239013671875
2018-03-14,3291.382080078125
2018-03-15,3291.112060546875
2018-03-16,3269.882080078125
2018-03-19,3279.251953125
2018-03-20,3290.639892578125
2018-03-21,3280.951904296875
2018-03-22,3263.47998046875
2018-03-23,3152.760986328125
2018-03-26,3133.721923828125
2018-03-27,3166.64892578125
2018-03-28,3122.2900390625
2018-03-29,3160.531005859375
2018-03-30,3168.89697265625
2018-04-02,3163.178955078125
2018-04-03,3136.633056640625
2018-04-04,3131.111083984375
2018-04-09,3138.2939453125
2018-04-10,3190.322021484375
2018-04-11,3208.08203125
2018-04-12,3180.157958984375
2018-04-13,3159.052001953125
2018-04-16,3110.64892578125
2018-04-17,3066.797119140625
2018-04-18,3091.39892578125
2018-04-19,3117.3759765625
2018-04-20,3071.54296875
2018-04-23,3068.011962890625
2018-04-24,3128.927001953125
2018-04-25,3117.97412109375
2018-04-26,3075.030029296875
2018-04-27,3082.23193359375
2018-05-02,3081.177001953125
2018-05-03,3100.85888671875
2018-05-04,3091.032958984375
2018-05-07,3136.64501953125
2018-05-08,3161.498046875
2018-05-09,3159.14990234375
2018-05-10,3174.4130859375
2018-05-11,3163.262939453125
2018-05-14,3174.031982421875
2018-05-15,3192.117919921875
2018-05-16,3169.56494140625
2018-05-17,3154.282958984375
2018-05-18,3193.302978515625
2018-05-21,3213.840087890625
2018-05-22,3214.35009765625
2018-05-23,3168.964111328125
2018-05-24,3154.65087890625
2018-05-25,3141.302978515625
2018-05-28,3135.08203125
2018-05-29,3120.4609375
2018-05-30,3041.443115234375
2018-05-31,3095.47412109375
2018-06-01,3075.136962890625
2018-06-04,3091.19091796875
2018-06-05,3114.2060546875
2018-06-06,3115.179931640625
2018-06-07,3109.4990234375
2018-06-08,3067.14794921875
2018-06-11,3052.782958984375
2018-06-12,3079.802001953125
2018-06-13,3049.797119140625
2018-06-14,3044.159912109375
2018-06-15,3021.90087890625
2018-06-19,2907.822021484375
2018-06-20,2915.73095703125
2018-06-21,2875.81005859375
2018-06-22,2889.760009765625
2018-06-25,2859.3359375
2018-06-26,2844.508056640625
2018-06-27,2813.177978515625
2018-06-28,2786.89697265625
2018-06-29,2847.41796875
2018-07-02,2775.556884765625
2018-07-03,2786.887939453125
2018-07-04,2759.1259765625
2018-07-05,2733.882080078125
2018-07-06,2747.22900390625
2018-07-09,2815.110107421875
2018-07-10,2827.625
2018-07-11,2777.77099609375
2018-07-12,2837.658935546875
2018-07-13,2831.18408203125
2018-07-16,2814.0419921875
2018-07-17,2798.1259765625
2018-07-18,2787.257080078125
2018-07-19,2772.544921875
2018-07-20,2829.27099609375
2018-07-23,2859.5419921875
2018-07-24,2905.56201171875
2018-07-25,2903.64697265625
2018-07-26,2882.22509765625
2018-07-27,2873.593994140625
2018-07-30,2869.050048828125
2018-07-31,2876.40087890625
2018-08-01,2824.533935546875
2018-08-02,2768.02392578125
2018-08-03,2740.443115234375
2018-08-06,2705.156982421875
2018-08-07,2779.3740234375
2018-08-08,2744.070068359375
2018-08-09,2794.382080078125
2018-08-10,2795.31005859375
2018-08-13,2785.8720703125
2018-08-14,2780.965087890625
2018-08-15,2723.258056640625
2018-08-16,2705.19189453125
2018-08-17,2668.966064453125
2018-08-20,2698.466064453125
2018-08-21,2733.825927734375
2018-08-22,2714.60791015625
2018-08-23,2724.6240234375
2018-08-24,2729.430908203125
2018-08-27,2780.89892578125
2018-08-28,2777.98095703125
2018-08-29,2769.294921875
2018-08-30,2737.737060546875
2018-08-31,2725.25
2018-09-03,2720.73388671875
2018-09-04,2750.580078125
2018-09-05,2704.3369140625
2018-09-06,2691.593017578125
2018-09-07,2702.301025390625
2018-09-10,2669.485107421875
2018-09-11,2664.800048828125
2018-09-12,2656.110107421875
2018-09-13,2686.577880859375
2018-09-14,2681.64306640625
2018-09-17,2651.7890625
2018-09-18,2699.949951171875
2018-09-19,2730.85009765625
2018-09-20,2729.243896484375
2018-09-21,2797.485107421875
2018-09-25,2781.138916015625
2018-09-26,2806.81298828125
2018-09-27,2791.77490234375
2018-09-28,2821.35009765625
2018-10-08,2716.510009765625
2018-10-09,2721.012939453125
2018-10-10,2725.8369140625
2018-10-11,2583.4580078125
2018-10-12,2606.9130859375
2018-10-15,2568.097900390625
2018-10-16,2546.330078125
2018-10-17,2561.614013671875
2018-10-18,2486.4189453125
2018-10-19,2550.465087890625
2018-10-22,2654.8759765625
2018-10-23,2594.825927734375
2018-10-24,2603.294921875
2018-10-25,2603.800048828125
2018-10-26,2598.846923828125
2018-10-29,2542.10302734375
2018-10-30,2568.048095703125
2018-10-31,2602.782958984375
2018-11-01,2606.237060546875
2018-11-02,2676.47607421875
2018-11-05,2665.430908203125
2018-11-06,2659.35595703125
2018-11-07,2641.342041015625
2018-11-08,2635.632080078125
2018-11-09,2598.8720703125
2018-11-12,2630.52001953125
2018-11-13,2654.8798828125
2018-11-14,2632.242919921875
2018-11-15,2668.169921875
2018-11-16,2679.110107421875
2018-11-19,2703.511962890625
2018-11-20,2645.85498046875
2018-11-21,2651.5048828125
2018-11-22,2645.43408203125
2018-11-23,2579.48291015625
2018-11-26,2575.81005859375
2018-11-27,2574.678955078125
2018-11-28,2601.737060546875
2018-11-29,2567.443115234375
2018-11-30,2588.18798828125
2018-12-03,2654.798095703125
2018-12-04,2665.9580078125
2018-12-05,2649.804931640625
2018-12-06,2605.180908203125
2018-12-07,2605.887939453125
2018-12-10,2584.58203125
2018-12-11,2594.087890625
2018-12-12,2602.153076171875
2018-12-13,2634.049072265625
2018-12-14,2593.740966796875
2018-12-17,2597.97412109375
2018-12-18,2576.64990234375
2018-12-19,2549.56298828125
2018-12-20,2536.26806640625
2018-12-21,2516.2509765625
2018-12-24,2527.007080078125
2018-12-25,2504.819091796875
2018-12-26,2498.2939453125
2018-12-27,2483.0859375
2018-12-28,2493.89599609375
2019-01-02,2465.291015625
2019-01-03,2464.363037109375
2019-01-04,2514.867919921875
2019-01-07,2533.089111328125
2019-01-08,2526.4619140625
2019-01-09,2544.344970703125
2019-01-10,2535.09912109375
2019-01-11,2553.8310546875
2019-01-14,2535.764892578125
2019-01-15,2570.344970703125
2019-01-16,2570.422119140625
2019-01-17,2559.636962890625
2019-01-18,2596.006103515625
2019-01-21,2610.509033203125
2019-01-22,2579.7041015625
2019-01-23,2581.00390625
2019-01-24,2591.694091796875
2019-01-25,2601.722900390625
2019-01-28,2596.97705078125
2019-01-29,2594.25390625
2019-01-30,2575.575927734375
2019-01-31,2584.572021484375
2019-02-01,2618.23193359375
2019-02-11,2653.89599609375
2019-02-12,2671.89404296875
2019-02-13,2721.068115234375
2019-02-14,2719.699951171875
2019-02-15,2682.385009765625
2019-02-18,2754.35693359375
2019-02-19,2755.64599609375
2019-02-20,2761.218994140625
2019-02-21,2751.801025390625
2019-02-22,2804.22607421875
2019-02-25,2961.282958984375
2019-02-26,2941.51611328125
2019-02-27,2953.823974609375
2019-02-28,2940.9541015625
2019-03-01,2994.0048828125
2019-03-04,3027.575927734375
2019-03-05,3054.2470703125
2019-03-06,3102.09912109375
2019-03-07,3106.41796875
2019-03-08,2969.861083984375
2019-03-11,3026.992919921875
2019-03-12,3060.306884765625
2019-03-13,3026.950927734375
2019-03-14,2990.68505859375
2019-03-15,3021.7509765625
2019-03-18,3096.41796875
2019-03-19,3090.97509765625
2019-03-20,3090.639892578125
2019-03-21,3101.455078125
2019-03-22,3104.14892578125
2019-03-25,3043.031005859375
2019-03-26,2997.094970703125
2019-03-27,3022.719970703125
2019-03-28,2994.943115234375
2019-03-29,3090.758056640625
2019-04-01,3170.361083984375
2019-04-02,3176.822998046875
2019-04-03,3216.294921875
2019-04-04,3246.571044921875
2019-04-08,3244.81005859375
2019-04-09,3239.6640625
2019-04-10,3241.929931640625
2019-04-11,3189.9619140625
2019-04-12,3188.6259765625
2019-04-15,3177.787109375
2019-04-16,3253.597900390625
2019-04-17,3263.117919921875
2019-04-18,3250.200927734375
2019-04-19,3270.797119140625
2019-04-22,3215.04296875
2019-04-23,3198.593994140625
2019-04-24,3201.614013671875
2019-04-25,3123.825927734375
2019-04-26,3086.39892578125
2019-05-06,2906.464111328125
2019-05-07,2926.39111328125
2019-05-08,2893.757080078125
2019-05-09,2850.9541015625
2019-05-10,2939.2109375
2019-05-13,2903.712890625
2019-05-14,2883.611083984375
2019-05-15,2938.677978515625
2019-05-16,2955.7109375
2019-05-17,2882.2958984375
2019-05-20,2870.60498046875
2019-05-21,2905.968994140625
2019-05-22,2891.705078125
2019-05-23,2852.514892578125
2019-05-24,2852.9951171875
2019-05-27,2892.3779296875
2019-05-28,2909.910888671875
2019-05-29,2914.696044921875
2019-05-30,2905.804931640625
2019-05-31,2898.696044921875
2019-06-03,2890.0810546875
2019-06-04,2862.280029296875
2019-06-05,2861.41796875
2019-06-06,2827.798095703125
2019-06-10,2852.1298828125
2019-06-11,2925.716064453125
2019-06-12,2909.3798828125
2019-06-13,2910.740966796875
2019-06-14,2881.97412109375
2019-06-17,2887.6220703125
2019-06-18,2890.157958984375
2019-06-19,2917.802978515625
2019-06-20,2987.118896484375
2019-06-21,3001.97998046875
2019-06-24,3008.14794921875
2019-06-25,2982.073974609375
2019-06-26,2976.283935546875
2019-06-27,2996.79296875
2019-06-28,2978.8779296875
2019-07-01,3044.903076171875
2019-07-02,3043.943115234375
2019-07-03,3015.262939453125
2019-07-04,3005.2490234375
2019-07-05,3011.05908203125
2019-07-08,2933.363037109375
2019-07-09,2928.22998046875
2019-07-10,2915.302001953125
2019-07-11,2917.760986328125
2019-07-12,2930.550048828125
2019-07-15,2942.18994140625
2019-07-16,2937.6201171875
2019-07-17,2931.68994140625
2019-07-18,2901.179931640625
2019-07-19,2924.199951171875
2019-07-22,2886.97412109375
2019-07-23,2899.93994140625
2019-07-24,2923.280029296875
2019-07-25,2937.360107421875
2019-07-26,2944.5400390625
2019-07-29,2941.010009765625
2019-07-30,2952.340087890625
2019-07-31,2932.510009765625
2019-08-01,2908.77001953125
2019-08-02,2867.840087890625
2019-08-05,2821.5
2019-08-06,2777.555908203125
2019-08-07,2768.679931640625
2019-08-08,2794.552001953125
2019-08-09,2774.75
2019-08-12,2814.989990234375
2019-08-13,2797.260009765625
2019-08-14,2808.909912109375
2019-08-15,2815.800048828125
2019-08-16,2823.820068359375
2019-08-19,2883.10009765625
2019-08-20,2880.0
2019-08-21,2880.330078125
2019-08-22,2883.43994140625
2019-08-23,2897.429931640625
2019-08-26,2863.570068359375
2019-08-27,2902.18994140625
2019-08-28,2893.760009765625
2019-08-29,2890.919921875
2019-08-30,2886.239990234375
2019-09-02,2924.10595703125
2019-09-03,2930.14990234375
2019-09-04,2957.409912109375
2019-09-05,2985.860107421875
2019-09-06,2999.60009765625
2019-09-09,3024.739990234375
2019-09-10,3021.199951171875
2019-09-11,3008.81005859375
2019-09-12,3031.239990234375
2019-09-16,3030.75
2019-09-17,2978.1201171875
2019-09-18,2985.659912109375
2019-09-19,2999.280029296875
2019-09-20,3006.449951171875
2019-09-23,2977.080078125
2019-09-24,2985.340087890625
2019-09-25,2955.429931640625
2019-09-26,2929.090087890625
2019-09-27,2932.169921875
2019-09-30,2905.18994140625
2019-10-08,2913.570068359375
2019-10-09,2924.860107421875
2019-10-10,2947.7099609375
2019-10-11,2973.659912109375
2019-10-14,3007.8798828125
2019-10-15,2991.050048828125
2019-10-16,2978.7099609375
2019-10-17,2977.330078125
2019-10-18,2938.139892578125
2019-10-21,2939.6201171875
2019-10-22,2954.3798828125
2019-10-23,2941.6201171875
2019-10-24,2940.919921875
2019-10-25,2954.929931640625
2019-10-28,2980.050048828125
2019-10-29,2954.179931640625
2019-10-30,2939.320068359375
2019-10-31,2929.06005859375
2019-11-01,2958.199951171875
2019-11-04,2975.489990234375
2019-11-05,2991.56005859375
2019-11-06,2978.60009765625
2019-11-07,2978.7099609375
2019-11-08,2964.179931640625
2019-11-11,2909.969970703125
2019-11-12,2914.820068359375
2019-11-13,2905.239990234375
2019-11-14,2909.8701171875
2019-11-15,2891.340087890625
2019-11-18,2909.199951171875
2019-11-19,2933.989990234375
2019-11-20,2911.050048828125
2019-11-21,2903.639892578125
2019-11-22,2885.2900390625
2019-11-25,2906.169921875
2019-11-26,2907.06005859375
2019-11-27,2903.18994140625
2019-11-28,2889.693115234375
2019-11-29,2871.97998046875
2019-12-02,2875.81005859375
2019-12-03,2884.699951171875
2019-12-04,2878.115966796875
2019-12-05,2899.468994140625
2019-12-06,2912.013916015625
2019-12-09,2914.47802734375
2019-12-10,2917.31591796875
2019-12-11,2924.4169921875
2019-12-12,2915.697998046875
2019-12-13,2967.676025390625
2019-12-16,2984.39306640625
2019-12-17,3022.422119140625
2019-12-18,3017.0439453125
2019-12-19,3017.06591796875
2019-12-20,3004.93798828125
2019-12-23,2962.7509765625
2019-12-24,2982.680908203125
2019-12-25,2981.881103515625
2019-12-26,3007.35498046875
2019-12-27,3005.035888671875
2019-12-30,3040.02392578125
2019-12-31,3050.1240234375
2020-01-02,3085.197998046875
2020-01-03,3083.785888671875
2020-01-06,3083.407958984375
2020-01-07,3104.802001953125
2020-01-08,3066.89306640625
2020-01-09,3094.882080078125
2020-01-10,3092.291015625
2020-01-13,3115.570068359375
2020-01-14,3106.820068359375
2020-01-15,3090.0400390625
2020-01-16,3074.0810546875
2020-01-17,3075.49609375
2020-01-20,3095.787109375
2020-01-21,3052.139892578125
2020-01-22,3060.7548828125
2020-01-23,2976.528076171875
2020-02-03,2746.60595703125
2020-02-04,2783.2880859375
2020-02-05,2818.087890625
2020-02-06,2866.510009765625
2020-02-07,2875.9599609375
2020-02-10,2890.488037109375
2020-02-11,2901.669921875
2020-02-12,2926.89892578125
2020-02-13,2906.073974609375
2020-02-14,2917.008056640625
2020-02-17,2983.6220703125
2020-02-18,2984.971923828125
2020-02-19,2975.402099609375
2020-02-20,3030.154052734375
2020-02-21,3039.6689453125
2020-02-24,3031.23291015625
2020-02-25,3013.050048828125
2020-02-26,2987.928955078125
2020-02-27,2991.330078125
2020-02-28,2880.303955078125
2020-03-02,2970.930908203125
2020-03-03,2992.89697265625
2020-03-04,3011.666015625
2020-03-05,3071.677001953125
2020-03-06,3034.510986328125
2020-03-09,2943.291015625
2020-03-10,2996.761962890625
2020-03-11,2968.51708984375
2020-03-12,2923.486083984375
2020-03-13,2887.427001953125
2020-03-16,2789.25390625
2020-03-17,2779.64111328125
2020-03-18,2728.756103515625
2020-03-19,2702.1298828125
2020-03-20,2745.617919921875
2020-03-23,2660.169921875
2020-03-24,2722.43798828125
2020-03-25,2781.591064453125
2020-03-26,2764.910888671875
2020-03-27,2772.202880859375
2020-03-30,2747.214111328125
2020-03-31,2750.2958984375
2020-04-01,2734.52197265625
2020-04-02,2780.637939453125
2020-04-03,2763.987060546875
2020-04-07,2820.762939453125
2020-04-08,2815.368896484375
2020-04-09,2825.904052734375
2020-04-10,2796.631103515625
2020-04-13,2783.048095703125
2020-04-14,2827.282958984375
2020-04-15,2811.174072265625
2020-04-16,2819.93505859375
2020-04-17,2838.4951171875
2020-04-20,2852.552978515625
2020-04-21,2827.012939453125
2020-04-22,2843.97998046875
2020-04-23,2838.4990234375
2020-04-24,2808.529052734375
2020-04-27,2815.4951171875
2020-04-28,2810.02392578125
2020-04-29,2822.44189453125
2020-04-30,2860.08203125
2020-05-06,2878.139892578125
2020-05-07,2871.52294921875
2020-05-08,2895.340087890625
2020-05-11,2894.800048828125
2020-05-12,2891.555908203125
2020-05-13,2898.050048828125
2020-05-14,2870.342041015625
2020-05-15,2868.458984375
2020-05-18,2875.41796875
2020-05-19,2898.575927734375
2020-05-20,2883.738037109375
2020-05-21,2867.924072265625
2020-05-22,2813.764892578125
2020-05-25,2817.969970703125
2020-05-26,2846.547119140625
2020-05-27,2836.803955078125
2020-05-28,2846.221923828125
2020-05-29,2852.35107421875
2020-06-01,2915.430908203125
2020-06-02,2921.39794921875
2020-06-03,2923.37109375
2020-06-04,2919.2509765625
2020-06-05,2930.799072265625
2020-06-08,2937.77099609375
2020-06-09,2956.112060546875
2020-06-10,2943.7529296875
2020-06-11,2920.89697265625
2020-06-12,2919.740966796875
2020-06-15,2890.030029296875
2020-06-16,2931.75
2020-06-17,2935.8701171875
2020-06-18,2939.320068359375
2020-06-19,2967.6298828125
2020-06-22,2965.27197265625
2020-06-23,2970.6201171875
2020-06-24,2979.551025390625
2020-06-29,2961.51611328125
2020-06-30,2984.674072265625
2020-07-01,3025.98095703125
2020-07-02,3090.569091796875
2020-07-03,3152.81298828125
2020-07-06,3332.881103515625
2020-07-07,3345.3369140625
2020-07-08,3403.43994140625
2020-07-09,3450.593994140625
2020-07-10,3383.322021484375
2020-07-13,3443.285888671875
2020-07-14,3414.618896484375
2020-07-15,3361.303955078125
2020-07-16,3210.09912109375
2020-07-17,3214.12890625
2020-07-20,3314.14892578125
2020-07-21,3320.89501953125
2020-07-22,3333.1640625
2020-07-23,3325.110107421875
2020-07-24,3196.76806640625
2020-07-27,3205.22705078125
2020-07-28,3227.9599609375
2020-07-29,3294.552001953125
2020-07-30,3286.822021484375
2020-07-31,3310.007080078125
2020-08-03,3367.966064453125
2020-08-04,3371.68994140625
2020-08-05,3377.56005859375
2020-08-06,3386.4599609375
2020-08-07,3354.034912109375
2020-08-10,3379.251953125
2020-08-11,3340.2900390625
2020-08-12,3319.26611328125
2020-08-13,3320.72607421875
2020-08-14,3360.09912109375
2020-08-17,3438.801025390625
2020-08-18,3451.089111328125
2020-08-19,3408.12890625
2020-08-20,3363.89892578125
2020-08-21,3380.68310546875
2020-08-24,3385.637939453125
2020-08-25,3373.577880859375
2020-08-26,3329.739013671875
2020-08-27,3350.110107421875
2020-08-28,3403.806884765625
2020-08-31,3395.677978515625
2020-09-01,3410.60693359375
2020-09-02,3404.802001953125
2020-09-03,3384.98095703125
2020-09-04,3355.366943359375
2020-09-07,3292.591064453125
2020-09-08,3316.4169921875
2020-09-09,3254.6279296875
2020-09-10,3234.822998046875
2020-09-11,3260.345947265625
2020-09-14,3278.81396484375
2020-09-15,3295.679931640625
2020-09-16,3283.924072265625
2020-09-17,3270.43505859375
2020-09-18,3338.090087890625
2020-09-21,3316.93505859375
2020-09-22,3274.302001953125
2020-09-23,3279.7109375
2020-09-24,3223.176025390625
2020-09-25,3219.41796875
2020-09-28,3217.534912109375
2020-09-29,3224.35888671875
2020-09-30,3218.052001953125
2020-10-09,3272.075927734375
2020-10-12,3358.465087890625
2020-10-13,3359.75
2020-10-14,3340.778076171875
2020-10-15,3332.18310546875
2020-10-16,3336.35791015625
2020-10-19,3312.669921875
2020-10-20,3328.10009765625
2020-10-21,3325.02001953125
2020-10-22,3312.5
2020-10-23,3277.9970703125
2020-10-26,3251.118896484375
2020-10-27,3254.31591796875
2020-10-28,3269.239990234375
2020-10-29,3272.72998046875
2020-10-30,3224.532958984375
2020-11-02,3225.1201171875
2020-11-03,3271.073974609375
2020-11-04,3277.43994140625
2020-11-05,3320.133056640625
2020-11-06,3312.158935546875
2020-11-09,3373.72998046875
2020-11-10,3360.14892578125
2020-11-11,3342.202880859375
2020-11-12,3338.679931640625
2020-11-13,3310.10498046875
2020-11-16,3346.968994140625
2020-11-17,3339.89990234375
2020-11-18,3347.302978515625
2020-11-19,3363.087890625
2020-11-20,3377.72998046875
2020-11-23,3414.489990234375
2020-11-24,3402.822998046875
2020-11-25,3362.326904296875
2020-11-26,3369.73291015625
2020-11-27,3408.306884765625
2020-11-30,3391.760009765625
2020-12-01,3451.93994140625
2020-12-02,3449.381103515625
2020-12-03,3442.135986328125
2020-12-04,3444.5810546875
2020-12-07,3416.60400390625
2020-12-08,3410.179931640625
2020-12-09,3371.964111328125
2020-12-10,3373.27587890625
2020-12-11,3347.19091796875
2020-12-14,3369.1201171875
2020-12-15,3367.22998046875
2020-12-16,3366.98291015625
2020-12-17,3404.873046875
2020-12-18,3394.89990234375
2020-12-21,3420.569091796875
2020-12-22,3356.781982421875
2020-12-23,3382.320068359375
2020-12-24,3363.113037109375
2020-12-25,3396.56298828125
2020-12-28,3397.284912109375
2020-12-29,3379.035888671875
2020-12-30,3414.452880859375
2020-12-31,3473.069091796875
2021-01-04,3502.9580078125
2021-01-05,3528.677001953125
2021-01-06,3550.876953125
2021-01-07,3576.205078125
2021-01-08,3570.110107421875
2021-01-11,3531.498046875
2021-01-12,3608.340087890625
2021-01-13,3598.652099609375
2021-01-14,3565.905029296875
2021-01-15,3566.3779296875
2021-01-18,3596.219970703125
2021-01-19,3566.3798828125
2021-01-20,3583.092041015625
2021-01-21,3621.263916015625
2021-01-22,3606.75
2021-01-25,3624.238037109375
2021-01-26,3569.428955078125
2021-01-27,3573.340087890625
2021-01-28,3505.176025390625
2021-01-29,3483.069091796875
2021-02-01,3505.283935546875
2021-02-02,3533.68505859375
2021-02-03,3517.30810546875
2021-02-04,3501.85888671875
2021-02-05,3496.330078125
2021-02-08,3532.447021484375
2021-02-09,3603.489013671875
2021-02-10,3655.087890625
2021-02-18,3675.35693359375
2021-02-19,3696.16796875
2021-02-22,3642.43994140625
2021-02-23,3636.360107421875
2021-02-24,3564.080078125
2021-02-25,3585.050048828125
2021-02-26,3509.080078125
2021-03-01,3551.39990234375
2021-03-02,3508.591064453125
2021-03-03,3576.89990234375
2021-03-04,3503.489990234375
2021-03-05,3501.987060546875
2021-03-08,3421.409912109375
2021-03-09,3359.2900390625
2021-03-10,3357.739990234375
2021-03-11,3436.830078125
2021-03-12,3453.080078125
2021-03-15,3419.949951171875
2021-03-16,3446.73291015625
2021-03-17,3445.551025390625
2021-03-18,3463.068115234375
2021-03-19,3404.659912109375
2021-03-22,3443.43994140625
2021-03-23,3411.510009765625
2021-03-24,3367.06005859375
2021-03-25,3363.590087890625
2021-03-26,3418.326904296875
2021-03-29,3435.300048828125
2021-03-30,3456.679931640625
2021-03-31,3441.909912109375
2021-04-01,3466.330078125
2021-04-02,3484.39208984375
2021-04-06,3482.969970703125
2021-04-07,3479.6298828125
2021-04-08,3482.550048828125
2021-04-09,3450.679931640625
2021-04-12,3412.949951171875
2021-04-13,3396.469970703125
2021-04-14,3416.719970703125
2021-04-15,3398.989990234375
2021-04-16,3426.6201171875
2021-04-19,3477.550048828125
2021-04-20,3472.93994140625
2021-04-21,3472.929931640625
2021-04-22,3465.110107421875
2021-04-23,3474.169921875
2021-04-26,3441.169921875
2021-04-27,3442.610107421875
2021-04-28,3457.070068359375
2021-04-29,3474.89990234375
2021-04-30,3446.860107421875
2021-05-06,3441.280029296875
2021-05-07,3418.8701171875
2021-05-10,3427.989990234375
2021-05-11,3441.85009765625
2021-05-12,3462.75
2021-05-13,3429.5400390625
2021-05-14,3490.3798828125
2021-05-17,3517.6201171875
2021-05-18,3529.010009765625
2021-05-19,3510.9599609375
2021-05-20,3506.93994140625
2021-05-21,3486.56005859375
2021-05-24,3497.280029296875
2021-05-25,3581.340087890625
2021-05-26,3593.360107421875
2021-05-27,3608.85009765625
2021-05-28,3600.780029296875
2021-05-31,3615.47998046875
2021-06-01,3624.7099609375
2021-06-02,3597.139892578125
2021-06-03,3584.2099609375
2021-06-04,3591.840087890625
2021-06-07,3599.5400390625
2021-06-08,3580.110107421875
2021-06-09,3591.39990234375
2021-06-10,3610.860107421875
2021-06-11,3589.75
2021-06-15,3556.56005859375
2021-06-16,3518.330078125
2021-06-17,3525.60009765625
2021-06-18,3525.10009765625
2021-06-21,3529.179931640625
2021-06-22,3557.409912109375
2021-06-23,3566.219970703125
2021-06-24,3566.64990234375
2021-06-25,3607.56005859375
2021-06-28,3606.3701171875
2021-06-29,3573.179931640625
2021-06-30,3591.199951171875
2021-07-01,3588.780029296875
2021-07-02,3518.760009765625
2021-07-05,3534.320068359375
2021-07-06,3530.260009765625
2021-07-07,3553.719970703125
2021-07-08,3525.5
2021-07-09,3524.090087890625
2021-07-12,3547.840087890625
2021-07-13,3566.52001953125
2021-07-14,3528.5
2021-07-15,3564.590087890625
2021-07-16,3539.300048828125
2021-07-19,3539.1201171875
2021-07-20,3536.7900390625
2021-07-21,3562.660888671875
2021-07-22,3574.73388671875
2021-07-23,3550.39990234375
2021-07-26,3467.43994140625
2021-07-27,3381.179931640625
2021-07-28,3361.590087890625
2021-07-29,3411.719970703125
2021-07-30,3397.360107421875
2021-08-02,3464.2900390625
2021-08-03,3447.989990234375
2021-08-04,3477.219970703125
2021-08-05,3466.550048828125
2021-08-06,3458.22998046875
2021-08-09,3494.6298828125
2021-08-10,3529.929931640625
2021-08-11,3532.6201171875
2021-08-12,3524.739990234375
2021-08-13,3516.300048828125
2021-08-16,3517.340087890625
2021-08-17,3446.97607421875
2021-08-18,3485.285888671875
2021-08-19,3465.554931640625
2021-08-20,3427.333984375
2021-08-23,3477.1298828125
2021-08-24,3514.470947265625
2021-08-25,3540.3798828125
2021-08-26,3501.6640625
2021-08-27,3522.156982421875
2021-08-30,3528.15087890625
2021-08-31,3543.93994140625
2021-09-01,3567.10009765625
2021-09-02,3597.0400390625
2021-09-03,3581.72998046875
2021-09-06,3621.860107421875
2021-09-07,3676.590087890625
2021-09-08,3675.18994140625
2021-09-09,3693.1298828125
2021-09-10,3703.110107421875
2021-09-13,3715.3701171875
2021-09-14,3662.60009765625
2021-09-15,3656.219970703125
2021-09-16,3607.090087890625
2021-09-17,3613.969970703125
2021-09-22,3628.489990234375
2021-09-23,3642.219970703125
2021-09-24,3613.070068359375
2021-09-27,3582.830078125
2021-09-28,3602.219970703125
2021-09-29,3536.2900390625
2021-09-30,3568.169921875
2021-10-08,3592.169921875
2021-10-11,3591.7099609375
2021-10-12,3546.93994140625
2021-10-13,3561.760009765625
2021-10-14,3558.280029296875
2021-10-15,3572.3701171875
2021-10-18,3568.139892578125
2021-10-19,3593.14990234375
2021-10-20,3587.0
2021-10-21,3594.780029296875
2021-10-22,3582.60009765625
2021-10-25,3609.860107421875
2021-10-26,3597.639892578125
2021-10-27,3562.31005859375
2021-10-28,3518.419921875
2021-10-29,3547.340087890625
2021-11-01,3544.47998046875
2021-11-02,3505.6298828125
2021-11-03,3498.5400390625
2021-11-04,3526.8701171875
2021-11-05,3491.570068359375
2021-11-08,3498.6298828125
2021-11-09,3507.0
2021-11-10,3492.4599609375
2021-11-11,3532.7900390625
2021-11-12,3539.10009765625
2021-11-15,3533.300048828125
2021-11-16,3521.7900390625
2021-11-17,3537.3701171875
2021-11-18,3520.7099609375
2021-11-19,3560.3701171875
2021-11-22,3582.080078125
2021-11-23,3589.089111328125
2021-11-24,3592.702880859375
2021-11-25,3584.179931640625
2021-11-26,3564.090087890625
2021-11-29,3562.699951171875
2021-11-30,3563.889892578125
2021-12-01,3576.889892578125
2021-12-02,3573.840087890625
2021-12-03,3607.429931640625
2021-12-06,3589.31005859375
2021-12-07,3595.090087890625
2021-12-08,3637.570068359375
2021-12-09,3673.0400390625
2021-12-10,3666.35009765625
2021-12-13,3681.080078125
2021-12-14,3661.530029296875
2021-12-15,3647.6298828125
2021-12-16,3675.02001953125
2021-12-17,3632.360107421875
2021-12-20,3593.60009765625
2021-12-21,3625.1298828125
2021-12-22,3622.6201171875
2021-12-23,3643.340087890625
2021-12-24,3618.053955078125
2021-12-27,3615.969970703125
2021-12-28,3630.112060546875
2021-12-29,3597.0
2021-12-30,3619.18994140625
2021-12-31,3639.780029296875
2022-01-04,3632.330078125
2022-01-05,3595.179931640625
2022-01-06,3586.080078125
2022-01-07,3579.5400390625
2022-01-10,3593.52001953125
2022-01-11,3567.43994140625
2022-01-12,3597.429931640625
2022-01-13,3555.260009765625
2022-01-14,3521.260009765625
2022-01-17,3541.669921875
2022-01-18,3569.909912109375
2022-01-19,3558.179931640625
2022-01-20,3555.06005859375
2022-01-21,3522.570068359375
2022-01-24,3524.110107421875
2022-01-25,3433.06005859375
2022-01-26,3455.669921875
2022-01-27,3394.25
2022-01-28,3361.43994140625
2022-02-07,3429.580078125
2022-02-08,3452.6298828125
2022-02-09,3479.949951171875
2022-02-10,3485.909912109375
2022-02-11,3462.949951171875
2022-02-14,3428.8798828125
2022-02-15,3446.090087890625
2022-02-16,3465.830078125
2022-02-17,3468.0400390625
2022-02-18,3490.760009765625
2022-02-21,3490.610107421875
2022-02-22,3457.14990234375
2022-02-23,3489.14990234375
2022-02-24,3429.9599609375
2022-02-25,3451.409912109375
2022-02-28,3462.31005859375
2022-03-01,3488.830078125
2022-03-02,3484.18994140625
2022-03-03,3481.110107421875
2022-03-04,3447.64990234375
2022-03-07,3372.860107421875
2022-03-08,3293.530029296875
2022-03-09,3256.389892578125
2022-03-10,3296.090087890625
2022-03-11,3309.75
2022-03-14,3223.530029296875
2022-03-15,3063.969970703125
2022-03-16,3170.7099609375
2022-03-17,3215.0400390625
2022-03-18,3251.070068359375
2022-03-21,3253.68994140625
2022-03-22,3259.860107421875
2022-03-23,3271.030029296875
2022-03-24,3250.260009765625
2022-03-25,3212.239990234375
2022-03-28,3214.5
2022-03-29,3203.93994140625
2022-03-30,3266.60009765625
2022-03-31,3252.199951171875
2022-04-01,3282.719970703125
2022-04-06,3283.429931640625
2022-04-07,3236.699951171875
2022-04-08,3251.85009765625
2022-04-11,3167.1298828125
2022-04-12,3213.330078125
2022-04-13,3186.820068359375
2022-04-14,3225.639892578125
2022-04-15,3211.2451171875
2022-04-18,3195.52001953125
2022-04-19,3194.030029296875
2022-04-20,3151.050048828125
2022-04-21,3079.81005859375
2022-04-22,3086.919921875
2022-04-25,2928.510009765625
2022-04-26,2886.429931640625
2022-04-27,2958.280029296875
2022-04-28,2975.47998046875
2022-04-29,3047.06005859375
2022-05-05,3067.760009765625
2022-05-06,3001.56005859375
2022-05-09,3004.139892578125
2022-05-10,3035.840087890625
2022-05-11,3058.699951171875
2022-05-12,3054.989990234375
2022-05-13,3084.280029296875
2022-05-16,3073.75
2022-05-17,3093.699951171875
2022-05-18,3085.97998046875
2022-05-19,3096.9599609375
2022-05-20,3146.570068359375
2022-05-23,3146.860107421875
2022-05-24,3070.929931640625
2022-05-25,3107.4599609375
2022-05-26,3123.110107421875
2022-05-27,3130.239990234375
2022-05-30,3149.06005859375
2022-05-31,3186.429931640625
2022-06-01,3182.159912109375
2022-06-02,3195.4599609375
2022-06-06,3236.3701171875
2022-06-07,3241.760009765625
2022-06-08,3263.7900390625
2022-06-09,3238.949951171875
2022-06-10,3284.830078125
2022-06-13,3255.550048828125
2022-06-14,3288.909912109375
2022-06-15,3305.409912109375
2022-06-16,3285.3798828125
2022-06-17,3316.7900390625
2022-06-20,3315.429931640625
2022-06-21,3306.719970703125
2022-06-22,3267.199951171875
2022-06-23,3320.14990234375
2022-06-24,3349.75
2022-06-27,3379.18994140625
2022-06-28,3409.2099609375
2022-06-29,3361.52001953125
2022-06-30,3398.6201171875
2022-07-01,3387.639892578125
2022-07-04,3405.429931640625
2022-07-05,3404.030029296875
2022-07-06,3355.35009765625
2022-07-07,3364.39990234375
2022-07-08,3356.080078125
2022-07-11,3313.580078125
2022-07-12,3281.469970703125
2022-07-13,3284.2900390625
2022-07-14,3281.739990234375
2022-07-15,3228.06005859375
2022-07-18,3278.10009765625
2022-07-19,3279.429931640625
2022-07-20,3304.719970703125
2022-07-21,3272.0
2022-07-22,3269.969970703125
2022-07-25,3250.389892578125
2022-07-26,3277.43994140625
2022-07-27,3275.760009765625
2022-07-28,3282.580078125
2022-07-29,3253.239990234375
2022-08-01,3259.9599609375
2022-08-02,3186.27001953125
2022-08-03,3163.669921875
2022-08-04,3189.0400390625
2022-08-05,3227.030029296875
2022-08-08,3236.929931640625
2022-08-09,3247.429931640625
2022-08-10,3230.02001953125
2022-08-11,3281.669921875
2022-08-12,3276.889892578125
2022-08-15,3276.090087890625
2022-08-16,3277.8798828125
2022-08-17,3292.530029296875
2022-08-18,3277.5400390625
2022-08-19,3258.080078125
2022-08-22,3277.7900390625
2022-08-23,3276.219970703125
2022-08-24,3215.199951171875
2022-08-25,3246.25
2022-08-26,3236.219970703125
2022-08-29,3240.72998046875
2022-08-30,3227.219970703125
2022-08-31,3202.139892578125
2022-09-01,3184.97998046875
2022-09-02,3186.47998046875
2022-09-05,3199.912109375
2022-09-06,3243.449951171875
2022-09-07,3246.2900390625
2022-09-08,3235.590087890625
2022-09-09,3262.050048828125
2022-09-13,3263.800048828125
2022-09-14,3237.5400390625
2022-09-15,3199.919921875
2022-09-16,3126.39990234375
2022-09-19,3115.60009765625
2022-09-20,3122.409912109375
2022-09-21,3117.179931640625
2022-09-22,3108.909912109375
2022-09-23,3088.3701171875
2022-09-26,3051.22998046875
2022-09-27,3093.860107421875
2022-09-28,3045.070068359375
2022-09-29,3041.199951171875
2022-09-30,3024.389892578125
2022-10-10,2974.14990234375
2022-10-11,2979.7900390625
2022-10-12,3025.510009765625
2022-10-13,3016.360107421875
2022-10-14,3071.989990234375
2022-10-17,3084.93994140625
2022-10-18,3080.9599609375
2022-10-19,3044.3798828125
2022-10-20,3035.050048828125
2022-10-21,3038.929931640625
2022-10-24,2977.56005859375
2022-10-25,2976.280029296875
2022-10-26,2999.5
2022-10-27,2982.89990234375
2022-10-28,2915.929931640625
2022-10-31,2893.47998046875
2022-11-01,2969.199951171875
2022-11-02,3003.3701171875
2022-11-03,2997.81005859375
2022-11-04,3070.800048828125
2022-11-07,3077.820068359375
2022-11-08,3064.489990234375
2022-11-09,3048.169921875
2022-11-10,3036.1298828125
2022-11-11,3087.2900390625
2022-11-14,3083.39990234375
2022-11-15,3134.080078125
2022-11-16,3119.97998046875
2022-11-17,3115.429931640625
2022-11-18,3097.239990234375
2022-11-21,3085.0439453125
2022-11-22,3088.943115234375
2022-11-23,3096.906982421875
2022-11-24,3089.31005859375
2022-11-25,3101.68994140625
2022-11-28,3078.550048828125
2022-11-29,3149.75
2022-11-30,3151.340087890625
2022-12-01,3165.469970703125
2022-12-02,3156.139892578125
2022-12-05,3211.81005859375
2022-12-06,3212.530029296875
2022-12-07,3199.6201171875
2022-12-08,3197.35009765625
2022-12-09,3206.949951171875
2022-12-12,3179.0400390625
2022-12-13,3176.330078125
2022-12-14,3176.530029296875
2022-12-15,3168.64990234375
2022-12-16,3167.85791015625
2022-12-19,3107.1201171875
2022-12-20,3073.77001953125
2022-12-21,3068.409912109375
2022-12-22,3054.429931640625
2022-12-23,3045.865966796875
2022-12-26,3065.56298828125
2022-12-27,3095.570068359375
2022-12-28,3087.39990234375
2022-12-29,3073.699951171875
2022-12-30,3089.260009765625
2023-01-03,3116.510009765625
2023-01-04,3123.52001953125
2023-01-05,3155.219970703125
2023-01-06,3157.639892578125
2023-01-09,3176.080078125
2023-01-10,3169.510009765625
2023-01-11,3161.840087890625
2023-01-12,3163.449951171875
2023-01-13,3195.31005859375
2023-01-16,3227.592041015625
2023-01-17,3224.239990234375
2023-01-18,3224.409912109375
2023-01-19,3240.280029296875
2023-01-20,3264.81005859375
2023-01-30,3269.320068359375
2023-01-31,3255.669921875
2023-02-01,3284.919921875
2023-02-02,3285.669921875
2023-02-03,3263.409912109375
2023-02-06,3238.699951171875
2023-02-07,3248.090087890625
2023-02-08,3232.110107421875
2023-02-09,3270.3798828125
2023-02-10,3260.669921875
2023-02-13,3284.159912109375
2023-02-14,3293.280029296875
2023-02-15,3280.489990234375
2023-02-16,3249.030029296875
2023-02-17,3224.02001953125
2023-02-20,3290.340087890625
2023-02-21,3306.52001953125
2023-02-22,3291.14990234375
2023-02-23,3287.47998046875
2023-02-24,3267.159912109375
2023-02-27,3258.030029296875
2023-02-28,3279.610107421875
2023-03-01,3312.35009765625
2023-03-02,3310.64990234375
2023-03-03,3328.389892578125
2023-03-06,3322.030029296875
2023-03-07,3285.10009765625
2023-03-08,3283.25
2023-03-09,3276.090087890625
2023-03-10,3230.080078125
2023-03-13,3268.699951171875
2023-03-14,3245.31005859375
2023-03-15,3263.31005859375
2023-03-16,3226.889892578125
2023-03-17,3250.550048828125
2023-03-20,3234.909912109375
2023-03-21,3255.64990234375
2023-03-22,3265.75
2023-03-23,3286.64990234375
2023-03-24,3265.64990234375
2023-03-27,3251.39990234375
2023-03-28,3245.3798828125
2023-03-29,3240.06005859375
2023-03-30,3261.25
2023-03-31,3272.860107421875
2023-04-03,3296.39990234375
2023-04-04,3312.56005859375
2023-04-06,3312.6298828125
2023-04-07,3327.64990234375
2023-04-10,3315.360107421875
2023-04-11,3313.570068359375
2023-04-12,3327.179931640625
2023-04-13,3318.360107421875
2023-04-14,3338.14990234375
2023-04-17,3385.610107421875
2023-04-18,3393.330078125
2023-04-19,3370.1298828125
2023-04-20,3367.030029296875
2023-04-21,3301.260009765625
2023-04-24,3275.409912109375
2023-04-25,3264.8701171875
2023-04-26,3264.10009765625
2023-04-27,3285.8798828125
2023-04-28,3323.27001953125
2023-05-04,3350.4599609375
2023-05-05,3334.5
2023-05-08,3395.0
2023-05-09,3357.669921875
2023-05-10,3319.14990234375
2023-05-11,3309.550048828125
2023-05-12,3272.360107421875
2023-05-15,3310.739990234375
2023-05-16,3290.989990234375
2023-05-17,3284.22998046875
2023-05-18,3297.320068359375
2023-05-19,3283.5400390625
2023-05-22,3296.469970703125
2023-05-23,3246.239990234375
2023-05-24,3204.75
2023-05-25,3201.260009765625
2023-05-26,3212.5
2023-05-29,3221.449951171875
2023-05-30,3224.2099609375
2023-05-31,3204.56005859375
2023-06-01,3204.6298828125
2023-06-02,3230.070068359375
2023-06-05,3232.43994140625
2023-06-06,3195.340087890625
2023-06-07,3197.760009765625
2023-06-08,3213.590087890625
2023-06-09,3231.409912109375
2023-06-12,3228.830078125
2023-06-13,3233.669921875
2023-06-14,3228.989990234375
2023-06-15,3252.97998046875
2023-06-16,3273.330078125
2023-06-19,3255.81005859375
2023-06-20,3240.360107421875
2023-06-21,3197.89990234375
2023-06-26,3150.6201171875
2023-06-27,3189.43994140625
2023-06-28,3189.3798828125
2023-06-29,3182.3798828125
2023-06-30,3202.06005859375
2023-07-03,3243.97998046875
2023-07-04,3245.35009765625
2023-07-05,3222.949951171875
2023-07-06,3205.570068359375
2023-07-07,3196.610107421875
2023-07-10,3203.699951171875
2023-07-11,3221.3701171875
2023-07-12,3196.1298828125
2023-07-13,3236.47998046875
2023-07-14,3237.699951171875
2023-07-17,3209.6298828125
2023-07-18,3197.820068359375
2023-07-19,3198.840087890625
2023-07-20,3169.52001953125
2023-07-21,3167.75
2023-07-24,3164.159912109375
2023-07-25,3231.52001953125
2023-07-26,3223.030029296875
2023-07-27,3216.669921875
2023-07-28,3275.929931640625
2023-07-31,3291.0400390625
2023-08-01,3290.948974609375
2023-08-02,3261.68994140625
2023-08-03,3280.462890625
2023-08-04,3288.083984375
2023-08-07,3268.8310546875
2023-08-08,3260.6201171875
2023-08-09,3244.489990234375
2023-08-10,3254.56005859375
2023-08-11,3189.25
2023-08-14,3178.429931640625
2023-08-15,3176.179931640625
2023-08-16,3150.1298828125
2023-08-17,3163.739990234375
2023-08-18,3131.949951171875
2023-08-21,3092.97998046875
2023-08-22,3120.330078125
2023-08-23,3078.39990234375
2023-08-24,3082.239990234375
2023-08-25,3064.070068359375
2023-08-28,3098.639892578125
2023-08-29,3135.889892578125
2023-08-30,3137.139892578125
2023-08-31,3119.8798828125
2023-09-01,3133.25
2023-09-04,3177.06005859375
2023-09-05,3154.3701171875
2023-09-06,3158.080078125
2023-09-07,3122.35009765625
2023-09-08,3116.719970703125
2023-09-11,3142.780029296875
2023-09-12,3137.06005859375
2023-09-13,3123.070068359375
2023-09-14,3126.550048828125
2023-09-15,3117.739990234375
2023-09-18,3125.929931640625
2023-09-19,3124.9599609375
2023-09-20,3108.568115234375
2023-09-21,3084.700927734375
2023-09-22,3132.431884765625
2023-09-25,3115.60693359375
2023-09-26,3102.27294921875
2023-09-27,3107.31591796875
2023-09-28,3110.47509765625
2023-10-09,3096.922119140625
2023-10-10,3075.239990234375
2023-10-11,3078.9560546875
2023-10-12,3107.90087890625
2023-10-13,3088.10009765625
2023-10-16,3073.81298828125
2023-10-17,3083.5
2023-10-18,3058.7099609375
2023-10-19,3005.39306640625
2023-10-20,2983.06005859375
2023-10-23,2939.291015625
2023-10-24,2962.243896484375
2023-10-25,2974.114013671875
2023-10-26,2988.299072265625
2023-10-27,3017.783935546875
2023-10-30,3021.552978515625
2023-10-31,3018.77099609375
2023-11-01,3023.076904296875
2023-11-02,3009.406005859375
2023-11-03,3030.798095703125
2023-11-06,3058.410888671875
2023-11-07,3057.27001953125
2023-11-08,3052.373046875
2023-11-09,3053.279052734375
2023-11-10,3038.969970703125
2023-11-13,3046.532958984375
2023-11-14,3056.070068359375
2023-11-15,3072.8349609375
2023-11-16,3050.926025390625
2023-11-17,3054.3701171875
2023-11-20,3068.319091796875
2023-11-21,3067.93310546875
2023-11-22,3043.611083984375
2023-11-23,3061.85595703125
2023-11-24,3040.971923828125
2023-11-27,3031.699951171875
2023-11-28,3038.550048828125
2023-11-29,3021.68701171875
2023-11-30,3029.673095703125
2023-12-01,3031.635986328125
2023-12-04,3022.9140625
2023-12-05,2972.2958984375
2023-12-06,2968.93310546875
2023-12-07,2966.2060546875
2023-12-08,2969.55908203125
2023-12-11,2991.43896484375
2023-12-12,3003.43798828125
2023-12-13,2968.760986328125
2023-12-14,2958.986083984375
2023-12-15,2942.556884765625
2023-12-18,2930.800048828125
2023-12-19,2932.39111328125
2023-12-20,2902.110107421875
2023-12-21,2918.715087890625
2023-12-22,2914.77490234375
2023-12-25,2918.81298828125
2023-12-26,2898.8798828125
2023-12-27,2914.614013671875
2023-12-28,2954.7041015625
2023-12-29,2974.93505859375
2024-01-02,2962.27587890625
2024-01-03,2967.2470703125
2024-01-04,2954.34912109375
2024-01-05,2929.179931640625
2024-01-08,2887.5380859375
2024-01-09,2893.25
2024-01-10,2877.701904296875
2024-01-11,2886.64990234375
2024-01-12,2881.97705078125
2024-01-15,2886.2900390625
2024-01-16,2893.989013671875
2024-01-17,2833.614990234375
2024-01-18,2845.780029296875
2024-01-19,2832.279052734375
2024-01-22,2756.340087890625
2024-01-23,2770.97607421875
2024-01-24,2820.77197265625
2024-01-25,2906.10888671875
2024-01-26,2910.222900390625
2024-01-29,2883.360107421875
2024-01-30,2830.527099609375
2024-01-31,2788.548095703125
2024-02-01,2770.739990234375
2024-02-02,2730.152099609375
2024-02-05,2702.18505859375
2024-02-06,2789.486083984375
2024-02-07,2829.696044921875
2024-02-08,2865.903076171875
2024-02-19,2910.5439453125
2024-02-20,2922.72998046875
2024-02-21,2950.9560546875
2024-02-22,2988.35791015625
2024-02-23,3004.881103515625
2024-02-26,2977.02197265625
2024-02-27,3015.48095703125
2024-02-28,2957.85205078125
2024-02-29,3015.1708984375
2024-03-01,3027.02001953125
2024-03-04,3039.305908203125
2024-03-05,3047.79296875
2024-03-06,3039.930908203125
2024-03-07,3027.40087890625
2024-03-08,3046.01904296875
2024-03-11,3068.455078125
2024-03-12,3055.93505859375
2024-03-13,3043.8349609375
2024-03-14,3038.23388671875
2024-03-15,3054.635986328125
2024-03-18,3084.926025390625
2024-03-19,3062.756103515625
2024-03-20,3079.68603515625
2024-03-21,3077.113037109375
2024-03-22,3048.033935546875
2024-03-25,3026.305908203125
2024-03-26,3031.48095703125
2024-03-27,2993.138916015625
2024-03-28,3010.6640625
2024-03-29,3041.1669921875
2024-04-01,3077.37890625
2024-04-02,3074.958984375
2024-04-03,3069.2958984375
2024-04-08,3047.052978515625
2024-04-09,3048.537109375
2024-04-10,3027.3349609375
2024-04-11,3034.24609375
2024-04-12,3019.47412109375
2024-04-15,3057.3779296875
2024-04-16,3007.068115234375
2024-04-17,3071.381103515625
2024-04-18,3074.22509765625
2024-04-19,3065.260986328125
2024-04-22,3044.594970703125
2024-04-23,3021.97802734375
2024-04-24,3044.822021484375
2024-04-25,3052.89990234375
2024-04-26,3088.635986328125
2024-04-29,3113.04296875
2024-04-30,3104.824951171875
2024-05-06,3140.719970703125
2024-05-07,3147.738037109375
2024-05-08,3128.47998046875
2024-05-09,3154.320068359375
2024-05-10,3154.547119140625
2024-05-13,3148.02099609375
2024-05-14,3145.77392578125
2024-05-15,3119.902099609375
2024-05-16,3122.40087890625
2024-05-17,3154.02587890625
2024-05-20,3171.14501953125
2024-05-21,3157.966064453125
2024-05-22,3158.5400390625
2024-05-23,3116.386962890625
2024-05-24,3088.87109375
2024-05-27,3124.04296875
2024-05-28,3109.572021484375
2024-05-29,3111.01806640625
2024-05-30,3091.677978515625
2024-05-31,3086.81298828125
2024-06-03,3078.489013671875
2024-06-04,3091.198974609375
2024-06-05,3065.403076171875
2024-06-06,3048.7939453125
2024-06-07,3051.279052734375
2024-06-11,3028.044921875
2024-06-12,3037.468017578125
2024-06-13,3028.9189453125
2024-06-14,3032.633056640625
2024-06-17,3015.89111328125
2024-06-18,3030.24609375
2024-06-19,3018.049072265625
2024-06-20,3005.43701171875
2024-06-21,2998.137939453125
2024-06-24,2963.09912109375
2024-06-25,2949.99609375
2024-06-26,2972.52490234375
2024-06-27,2945.85205078125
2024-06-28,2967.403076171875
2024-07-01,2994.72998046875
2024-07-02,2997.010986328125
2024-07-03,2982.3759765625
2024-07-04,2957.56689453125
2024-07-05,2949.93310546875
2024-07-08,2922.449951171875
2024-07-09,2959.3720703125
2024-07-10,2939.364013671875
2024-07-11,2970.386962890625
2024-07-12,2971.294921875
2024-07-15,2974.010986328125
2024-07-16,2976.303955078125
2024-07-17,2962.85498046875
2024-07-18,2977.133056640625
2024-07-19,2982.30908203125
2024-07-22,2964.216064453125
2024-07-23,2915.368896484375
2024-07-24,2901.951904296875
2024-07-25,2886.741943359375
2024-07-26,2890.89697265625
2024-07-29,2891.844970703125
2024-07-30,2879.300048828125
2024-07-31,2938.7490234375
2024-08-01,2932.386962890625
2024-08-02,2905.337890625
2024-08-05,2860.697998046875
2024-08-06,2867.283935546875
2024-08-07,2869.833984375
2024-08-08,2869.90087890625
2024-08-09,2862.194091796875
2024-08-12,2858.205078125
2024-08-13,2867.946044921875
2024-08-14,2850.654052734375
2024-08-15,2877.35791015625
2024-08-16,2879.429931640625
2024-08-19,2893.674072265625
2024-08-20,2866.660888671875
2024-08-21,2856.583984375
2024-08-22,2848.77197265625
2024-08-23,2854.367919921875
2024-08-26,2855.52001953125
2024-08-27,2848.73095703125
2024-08-28,2837.428955078125
2024-08-29,2823.10595703125
2024-08-30,2842.214111328125
2024-09-02,2811.034912109375
2024-09-03,2802.97900390625
2024-09-04,2784.278076171875
2024-09-05,2788.31396484375
2024-09-06,2765.806884765625
2024-09-09,2736.488037109375
2024-09-10,2744.19189453125
2024-09-11,2721.794921875
2024-09-12,2717.123046875
2024-09-13,2704.090087890625
2024-09-18,2717.281005859375
2024-09-19,2736.02197265625
2024-09-20,2736.81396484375
2024-09-23,2748.91796875
2024-09-24,2863.1259765625
2024-09-25,2896.305908203125
2024-09-26,3000.952880859375
2024-09-27,3087.529052734375
2024-09-30,3336.4970703125
2024-10-08,3489.77490234375
2024-10-09,3258.85791015625
2024-10-10,3301.926025390625
2024-10-11,3217.738037109375
2024-10-14,3284.322998046875
2024-10-15,3201.2919921875
2024-10-16,3202.947998046875
2024-10-17,3169.384033203125
2024-10-18,3261.56298828125
2024-10-21,3268.110107421875
2024-10-22,3285.866943359375
2024-10-23,3302.802978515625
2024-10-24,3280.262939453125
2024-10-25,3299.699951171875
2024-10-28,3322.197998046875
2024-10-29,3286.406982421875
2024-10-30,3266.238037109375
2024-10-31,3279.823974609375
2024-11-01,3272.013916015625
2024-11-04,3310.20703125
2024-11-05,3386.987060546875
2024-11-06,3383.805908203125
2024-11-07,3470.660888671875
2024-11-08,3452.297119140625
2024-11-11,3470.06591796875
2024-11-12,3421.969970703125
2024-11-13,3439.278076171875
2024-11-14,3379.839111328125
2024-11-15,3330.72607421875
2024-11-18,3323.84912109375
2024-11-19,3346.010009765625
2024-11-20,3367.989013671875
2024-11-21,3370.404052734375
2024-11-22,3267.19189453125
2024-11-25,3263.760009765625
2024-11-26,3259.757080078125
2024-11-27,3309.779052734375
2024-11-28,3295.697998046875
2024-11-29,3326.4560546875
2024-12-02,3363.98193359375
2024-12-03,3378.805908203125
2024-12-04,3364.64990234375
2024-12-05,3368.85498046875
2024-12-06,3404.075927734375
2024-12-09,3402.533935546875
2024-12-10,3422.660888671875
2024-12-11,3432.489990234375
2024-12-12,3461.5
2024-12-13,3391.8779296875
2024-12-16,3386.3310546875
2024-12-17,3361.485107421875
2024-12-18,3382.2080078125
2024-12-19,3370.032958984375
2024-12-20,3368.069091796875
2024-12-23,3351.257080078125
2024-12-24,3393.528076171875
2024-12-25,3393.35009765625
2024-12-26,3398.076904296875
2024-12-27,3400.14208984375
2024-12-30,3407.325927734375
2024-12-31,3351.762939453125
2025-01-02,3262.56103515625
2025-01-03,3211.429931640625
2025-01-06,3206.923095703125
2025-01-07,3229.64404296875
2025-01-08,3230.16796875
2025-01-09,3211.39306640625
2025-01-10,3168.52392578125
2025-01-13,3160.7548828125
2025-01-14,3240.93994140625
2025-01-15,3227.116943359375
2025-01-16,3236.031982421875
2025-01-17,3241.821044921875
2025-01-20,3244.3779296875
2025-01-21,3242.623046875
2025-01-22,3213.6240234375
2025-01-23,3230.1640625
2025-01-24,3252.6259765625
2025-01-27,3250.60107421875
2025-02-05,3229.488037109375
2025-02-06,3270.658935546875
2025-02-07,3303.6669921875
2025-02-10,3322.169921875
2025-02-11,3318.056884765625
2025-02-12,3346.385009765625
2025-02-13,3332.48291015625
2025-02-14,3346.72412109375
2025-02-17,3355.830078125
2025-02-18,3324.490966796875
2025-02-19,3351.5390625
2025-02-20,3350.782958984375
2025-02-21,3379.113037109375
2025-02-24,3373.028076171875
2025-02-25,3346.0400390625
2025-02-26,3380.214111328125
2025-02-27,3388.06201171875
2025-02-28,3320.89697265625
2025-03-03,3316.925048828125
2025-03-04,3324.2099609375
2025-03-05,3341.965087890625
2025-03-06,3381.097900390625
2025-03-07,3372.5458984375
2025-03-10,3366.1630859375
2025-03-11,3379.827880859375
2025-03-12,3371.924072265625
2025-03-13,3358.72900390625
2025-03-14,3419.56201171875
2025-03-17,3426.12890625
2025-03-18,3429.759033203125
2025-03-19,3426.428955078125
2025-03-20,3408.947998046875
2025-03-21,3364.8310546875
2025-03-24,3370.028076171875
2025-03-25,3369.97607421875
2025-03-26,3368.697021484375
2025-03-27,3373.7490234375
2025-03-28,3351.306884765625
2025-03-31,3335.74609375
2025-04-01,3348.43505859375
2025-04-02,3350.126953125
2025-04-03,3342.008056640625
2025-04-07,3096.575927734375
2025-04-08,3145.549072265625
2025-04-09,3186.81005859375
2025-04-10,3223.637939453125
2025-04-11,3238.22705078125
2025-04-14,3262.80810546875
2025-04-15,3267.662109375
2025-04-16,3276.00390625
2025-04-17,3280.341064453125
2025-04-18,3276.72998046875
2025-04-21,3291.43408203125
2025-04-22,3299.757080078125
2025-04-23,3296.35498046875
2025-04-24,3297.2880859375
2025-04-25,3295.06005859375
2025-04-28,3288.4150390625
2025-04-29,3286.655029296875
2025-04-30,3279.031005859375
2025-05-06,3316.114013671875
2025-05-07,3342.6650390625
2025-05-08,3351.99609375
2025-05-09,3341.9990234375
2025-05-12,3369.2451171875
2025-05-13,3374.87109375
2025-05-14,3403.947998046875
2025-05-15,3380.821044921875
2025-05-16,3367.4619140625
2025-05-19,3367.5830078125
2025-05-20,3380.47802734375
2025-05-21,3387.573974609375
2025-05-22,3380.18896484375
2025-05-23,3348.3720703125
2025-05-26,3346.839111328125
2025-05-27,3340.68701171875
2025-05-28,3339.931884765625
2025-05-29,3363.446044921875
2025-05-30,3347.487060546875
2025-06-03,3361.97607421875
2025-06-04,3376.202880859375
2025-06-05,3384.09912109375
2025-06-06,3385.35791015625
2025-06-09,3399.77197265625
2025-06-10,3384.81591796875
2025-06-11,3402.31591796875
2025-06-12,3402.657958984375
2025-06-13,3376.99609375
2025-06-16,3388.72900390625
2025-06-17,3387.405029296875
2025-06-18,3388.80908203125
2025-06-19,3362.10791015625
2025-06-20,3359.89501953125
2025-06-23,3381.58203125
2025-06-24,3420.56591796875
2025-06-25,3455.97412109375
2025-06-26,3448.452880859375
2025-06-27,3424.22705078125
2025-06-30,3444.426025390625
2025-07-01,3457.7470703125
2025-07-02,3454.7919921875
2025-07-03,3461.15087890625
2025-07-04,3472.319091796875
2025-07-07,3473.126953125
2025-07-08,3497.47509765625
2025-07-09,3493.050048828125
2025-07-10,3509.681884765625
2025-07-11,3510.177001953125
2025-07-14,3519.64990234375
2025-07-15,3504.9990234375
2025-07-16,3503.777099609375
2025-07-17,3516.824951171875
2025-07-18,3534.48291015625
2025-07-21,3559.791015625
2025-07-22,3581.861083984375
2025-07-23,3582.298095703125
2025-07-24,3605.72705078125
2025-07-25,3593.655029296875
2025-07-28,3597.93701171875
2025-07-29,3609.7109375
2025-07-30,3615.717041015625
2025-07-31,3573.2080078125
2025-08-01,3559.951904296875
2025-08-04,3583.30908203125
2025-08-05,3617.597900390625
2025-08-06,3633.9951171875
2025-08-07,3639.6669921875
2025-08-08,3635.1279296875
2025-08-11,3647.547119140625
2025-08-12,3665.91796875
2025-08-13,3683.465087890625
2025-08-14,3666.443115234375
2025-08-15,3696.77099609375
2025-08-18,3728.027099609375
2025-08-19,3727.2880859375
2025-08-20,3766.2099609375
2025-08-21,3771.09912109375
2025-08-22,3825.759033203125
2025-08-25,3883.56201171875
2025-08-26,3868.382080078125
2025-08-27,3800.35009765625
2025-08-28,3843.596923828125
2025-08-29,3857.927001953125
2025-09-01,3875.531005859375
2025-09-02,3858.133056640625
2025-09-03,3813.556884765625
2025-09-04,3765.8759765625
2025-09-05,3812.513916015625
2025-09-08,3826.841064453125
2025-09-09,3807.2919921875
2025-09-10,3812.220947265625
2025-09-11,3875.30908203125
2025-09-12,3870.597900390625
2025-09-15,3860.50390625
2025-09-16,3861.864990234375
2025-09-17,3876.341064453125
2025-09-18,3831.656005859375
2025-09-19,3820.089111328125
2025-09-22,3828.575927734375
2025-09-23,3821.8330078125
2025-09-24,3853.64208984375
2025-09-25,3853.302001953125
2025-09-26,3828.10595703125
2025-09-29,3862.531982421875
2025-09-30,3882.777099609375
2025-10-09,3933.971923828125
2025-10-10,3897.028076171875
2025-10-13,3889.501953125
2025-10-14,3865.22900390625
2025-10-15,3912.208984375
2025-10-16,3916.22802734375
2025-10-17,3839.7548828125
2025-10-20,3863.89306640625
2025-10-21,3916.33203125
2025-10-22,3913.758056640625
2025-10-23,3922.409912109375
2025-10-24,3950.31201171875
2025-10-27,3996.945068359375
2025-10-28,3988.22412109375
2025-10-29,4016.3310546875
2025-10-30,3986.90087890625
2025-10-31,3954.7900390625
2025-11-03,3976.52099609375
2025-11-04,3960.18603515625
2025-11-05,3969.248046875
2025-11-06,4007.760009765625
2025-11-07,3997.555908203125
2025-11-10,4018.596923828125
2025-11-11,4002.758056640625
2025-11-12,4000.139892578125
2025-11-13,4029.5009765625
2025-11-14,3990.491943359375
2025-11-17,3972.034912109375
2025-11-18,3939.81298828125
2025-11-19,3946.741943359375
2025-11-20,3931.051025390625
2025-11-21,3834.89111328125
2025-11-24,3836.764892578125
2025-11-25,3870.02294921875
2025-11-26,3864.18408203125
2025-11-27,3875.260009765625
2025-11-28,3888.595947265625
2025-12-01,3914.006103515625
2025-12-02,3897.7119140625
2025-12-03,3878.0
2025-12-04,3875.79296875
2025-12-05,3902.80810546875
2025-12-08,3924.077880859375
2025-12-09,3909.52099609375
2025-12-10,3900.49609375
2025-12-11,3873.318115234375
2025-12-12,3889.345947265625
2025-12-15,3867.9208984375
2025-12-16,3824.81201171875
2025-12-17,3870.278076171875
2025-12-18,3876.37109375
2025-12-19,3890.447998046875
2025-12-22,3917.364013671875
2025-12-23,3919.97900390625
2025-12-24,3940.947021484375
2025-12-25,3959.62109375
2025-12-26,3963.678955078125
2025-12-29,3965.280029296875
2025-12-30,3965.115966796875
2025-12-31,3968.840087890625
2026-01-05,4023.4169921875
2026-01-06,4083.6669921875
2026-01-07,4085.77197265625
2026-01-08,4082.97900390625
2026-01-09,4120.42578125
2026-01-12,4165.287109375
2026-01-13,4138.7578125
2026-01-14,4126.0927734375
2026-01-15,4112.60107421875
2026-01-16,4101.9130859375
2026-01-19,4114.0
2026-01-20,4113.64892578125
2026-01-21,4116.93994140625
2026-01-22,4122.576171875
2026-01-23,4136.1640625
2026-01-26,4132.60498046875
2026-01-27,4139.90380859375
2026-01-28,4151.23779296875
2026-01-29,4157.98388671875
2026-01-30,4117.9482421875
2026-02-02,4015.74609375
2026-02-03,4067.738037109375
2026-02-04,4102.2021484375
2026-02-05,4075.9169921875
2026-02-06,4065.5830078125
2026-02-09,4123.08984375
2026-02-10,4128.373046875
2026-02-11,4131.98486328125
2026-02-12,4134.01806640625
2026-02-13,4082.072998046875
2026-02-24,4117.4091796875
2026-02-25,4147.22998046875
2026-02-26,4146.630859375
2026-02-27,4162.880859375
2026-03-02,4182.5908203125
2026-03-03,4122.67578125
2026-03-04,4082.47412109375
2026-03-05,4108.56689453125
2026-03-06,4124.19384765625
2026-03-09,4096.60302734375
2026-03-10,4123.13818359375
2026-03-11,4133.43310546875
2026-03-12,4129.10302734375
2026-03-13,4095.447998046875
2026-03-16,4084.785888671875
2026-03-17,4049.906982421875
2026-03-18,4062.98388671875
2026-03-19,4006.552001953125
2026-03-20,3957.052978515625
2026-03-23,3813.282958984375
2026-03-24,3881.280029296875
2026-03-25,3931.8369140625
2026-03-26,3889.0830078125
2026-03-27,3913.72412109375
2026-03-30,3923.287109375
2026-03-31,3891.861083984375
2026-04-01,3948.552001953125
2026-04-02,3919.284912109375
2026-04-03,3880.096923828125
2026-04-07,3890.1650390625
2026-04-08,3994.998046875
2026-04-09,3966.1708984375
2026-04-10,3986.22509765625
2026-04-13,3988.55810546875
2026-04-14,4026.625
2026-04-15,4027.208984375
2026-04-16,4055.547119140625
2026-04-17,4051.425048828125
2026-04-20,4082.126953125
2026-04-21,4085.076904296875
2026-04-22,4106.2578125
2026-04-23,4093.25
2026-04-24,4079.89990234375
2026-04-27,4086.343994140625
2026-04-28,4078.636962890625
2026-04-29,4107.51416015625
2026-04-30,4112.1591796875
2026-05-06,4160.173828125
2026-05-07,4180.091796875
2026-05-08,4179.953125
2026-05-11,4225.02099609375
2026-05-12,4214.48876953125
2026-05-13,4242.57177734375
2026-05-14,4177.9169921875
2026-05-15,4135.38916015625
2026-05-18,4131.52783203125
2026-05-19,4169.5380859375
2026-05-20,4162.18505859375
2026-05-21,4077.277099609375
2026-05-22,4112.89892578125
2026-05-25,4152.56787109375
2026-05-26,4145.373046875
2026-05-27,4093.72705078125
2026-05-28,4098.63623046875
2026-05-29,4068.569091796875
2026-06-01,4057.739990234375
2026-06-02,4075.10205078125
2026-06-03,4083.97412109375
2026-06-04,4057.781005859375
2026-06-05,4027.736083984375
2026-06-08,3959.337890625
2026-06-09,4010.031005859375
2026-06-10,3993.22607421875
2026-06-11,3987.014892578125
2026-06-12,4031.512939453125
2026-06-15,4096.47216796875
2026-06-16,4091.89208984375
2026-06-17,4108.076171875
2026-06-18,4090.48095703125
2026-06-22,4163.09716796875
2026-06-23,4106.2509765625
2026-06-24,4110.81298828125
2026-06-25,4120.28076171875
2026-06-26,4027.264892578125
2026-06-29,4073.902099609375
2026-06-30,4094.39697265625
2026-07-01,4112.44482421875
2026-07-02,4028.904052734375
2026-07-03,4043.64306640625
2026-07-06,4041.238037109375
2026-07-07,3990.235107421875
2026-07-08,3970.8798828125
2026-07-09,4036.587890625
2026-07-10,3996.162109375
2026-07-13,3913.7939453125
2026-07-14,3967.1259765625
2026-07-15,3955.577880859375
2026-07-16,3882.4130859375
2026-07-17,3764.155029296875
2026-07-20,3796.281005859375
2026-07-21,3864.366943359375
2026-07-22,3867.033935546875
2026-07-23,3876.777099609375
2026-07-24,3814.197998046875
2026-07-27,3858.2451171875
2026-07-28,3813.31494140625
2026-07-29,3828.468994140625
2026-07-30,3804.693115234375
2026-07-31,3832.261962890625
2026-08-03,3809.6630859375
2026-08-04,3822.284912109375
2026-08-05,3878.429931640625
2026-08-06,3900.35205078125
2026-08-07,3940.037109375
2026-08-10,3966.593994140625
2026-08-11,3934.093017578125
2026-08-12,3946.675048828125
2026-08-13,3926.965087890625
2026-08-14,3927.177001953125
2026-08-17,3982.654052734375
2026-08-18,3990.303955078125
2026-08-19,3894.422119140625
2026-08-20,3903.720947265625
2026-08-21,3905.202880859375
2026-08-24,3882.008056640625
2026-08-25,3889.445068359375
2026-08-26,3912.52294921875
2026-08-27,3956.571044921875
2026-08-31,3986.298095703125
2026-09-01,3979.887939453125
