date,walcl_fed_total_assets
2015-07-22,4500503
2015-07-29,4485480
2015-08-05,4486329
2015-08-12,4489250
2015-08-19,4487208
2015-08-26,4475105
2015-09-02,4475886
2015-09-09,4478213
2015-09-16,4487809
2015-09-23,4497484
2015-09-30,4484111
2015-10-07,4486185
2015-10-14,4504704
2015-10-21,4501372
2015-10-28,4489339
2015-11-04,4489702
2015-11-11,4492012
2015-11-18,4486721
2015-11-25,4477088
2015-12-02,4478069
2015-12-09,4480436
2015-12-16,4489593
2015-12-23,4496523
2015-12-30,4486587
2016-01-06,4486606
2016-01-13,4501695
2016-01-20,4488840
2016-01-27,4482349
2016-02-03,4483495
2016-02-10,4486278
2016-02-17,4483629
2016-02-24,4489796
2016-03-02,4478485
2016-03-09,4481083
2016-03-16,4486333
2016-03-23,4492857
2016-03-30,4482840
2016-04-06,4484069
2016-04-13,4499729
2016-04-20,4490131
2016-04-27,4474665
2016-05-04,4477270
2016-05-11,4478411
2016-05-18,4473741
2016-05-25,4461111
2016-06-01,4461393
2016-06-08,4463542
2016-06-15,4472817
2016-06-22,4482009
2016-06-29,4466482
2016-07-06,4470605
2016-07-13,4472202
2016-07-20,4480973
2016-07-27,4464498
2016-08-03,4466793
2016-08-10,4468929
2016-08-17,4466476
2016-08-24,4473840
2016-08-31,4457907
2016-09-07,4459394
2016-09-14,4481635
2016-09-21,4473032
2016-09-28,4452002
2016-10-05,4459407
2016-10-12,4457698
2016-10-19,4467382
2016-10-26,4454326
2016-11-02,4453087
2016-11-09,4455087
2016-11-16,4453633
2016-11-23,4465782
2016-11-30,4446307
2016-12-07,4448618
2016-12-14,4470973
2016-12-21,4469089
2016-12-28,4451451
2017-01-04,4453101
2017-01-11,4452509
2017-01-18,4460758
2017-01-25,4452838
2017-02-01,4453881
2017-02-08,4456236
2017-02-15,4454676
2017-02-22,4468702
2017-03-01,4458018
2017-03-08,4459840
2017-03-15,4469577
2017-03-22,4478236
2017-03-29,4469618
2017-04-05,4474634
2017-04-12,4484492
2017-04-19,4479270
2017-04-26,4470142
2017-05-03,4471246
2017-05-10,4473459
2017-05-17,4467108
2017-05-24,4470852
2017-05-31,4459914
2017-06-07,4462443
2017-06-14,4476269
2017-06-21,4474257
2017-06-28,4463347
2017-07-05,4467272
2017-07-12,4466702
2017-07-19,4476903
2017-07-26,4465284
2017-08-02,4466846
2017-08-09,4469083
2017-08-16,4462871
2017-08-23,4463837
2017-08-30,4452360
2017-09-06,4453474
2017-09-13,4471174
2017-09-20,4458576
2017-09-27,4455661
2017-10-04,4460422
2017-10-11,4459415
2017-10-18,4469723
2017-10-25,4461117
2017-11-01,4455887
2017-11-08,4458552
2017-11-15,4448289
2017-11-22,4450615
2017-11-29,4438592
2017-12-06,4437148
2017-12-13,4452726
2017-12-20,4447470
2017-12-27,4448680
2018-01-03,4443718
2018-01-10,4446062
2018-01-17,4439145
2018-01-24,4441317
2018-01-31,4419225
2018-02-07,4420745
2018-02-14,4434863
2018-02-21,4411660
2018-02-28,4393401
2018-03-07,4396097
2018-03-14,4407258
2018-03-21,4401222
2018-03-28,4392198
2018-04-04,4386104
2018-04-11,4383684
2018-04-18,4385903
2018-04-25,4372886
2018-05-02,4356129
2018-05-09,4358207
2018-05-16,4337609
2018-05-23,4337301
2018-05-30,4327519
2018-06-06,4319191
2018-06-13,4324906
2018-06-20,4315896
2018-06-27,4305491
2018-07-04,4289764
2018-07-11,4291201
2018-07-18,4291615
2018-07-25,4277681
2018-08-01,4255653
2018-08-08,4258030
2018-08-15,4228924
2018-08-22,4228818
2018-08-29,4218914
2018-09-05,4208496
2018-09-12,4210812
2018-09-19,4208059
2018-09-26,4192909
2018-10-03,4174704
2018-10-10,4176906
2018-10-17,4175446
2018-10-24,4173070
2018-10-31,4139731
2018-11-07,4141936
2018-11-14,4145892
2018-11-21,4106198
2018-11-28,4097170
2018-12-05,4086044
2018-12-12,4088314
2018-12-19,4084274
2018-12-26,4075636
2019-01-02,4058378
2019-01-09,4056563
2019-01-16,4050044
2019-01-23,4047052
2019-01-30,4039678
2019-02-06,4026350
2019-02-13,4028431
2019-02-20,3981420
2019-02-27,3974590
2019-03-06,3969134
2019-03-13,3971559
2019-03-20,3962748
2019-03-27,3955617
2019-04-03,3935509
2019-04-10,3936784
2019-04-17,3931827
2019-04-24,3928273
2019-05-01,3889691
2019-05-08,3892216
2019-05-15,3864749
2019-05-22,3860435
2019-05-29,3851444
2019-06-05,3847645
2019-06-12,3849955
2019-06-19,3844016
2019-06-26,3826817
2019-07-03,3813198
2019-07-10,3815038
2019-07-17,3808110
2019-07-24,3803436
2019-07-31,3779102
2019-08-07,3781543
2019-08-14,3786018
2019-08-21,3764866
2019-08-28,3759946
2019-09-04,3761508
2019-09-11,3769673
2019-09-18,3844695
2019-09-25,3857715
2019-10-02,3945831
2019-10-09,3949955
2019-10-16,3966471
2019-10-23,3968700
2019-10-30,4019823
2019-11-06,4039443
2019-11-13,4047882
2019-11-20,4030249
2019-11-27,4052875
2019-12-04,4065696
2019-12-11,4095491
2019-12-18,4137052
2019-12-25,4165591
2020-01-01,4173626
2020-01-08,4149544
2020-01-15,4175850
2020-01-22,4145912
2020-01-29,4151630
2020-02-05,4166707
2020-02-12,4182689
2020-02-19,4171570
2020-02-26,4158637
2020-03-04,4241507
2020-03-11,4311911
2020-03-18,4668212
2020-03-25,5254278
2020-04-01,5811607
2020-04-08,6083141
2020-04-15,6367887
2020-04-22,6573136
2020-04-29,6655929
2020-05-06,6721420
2020-05-13,6934227
2020-05-20,7037258
2020-05-27,7097316
2020-06-03,7165217
2020-06-10,7168936
2020-06-17,7094690
2020-06-24,7082302
2020-07-01,7009040
2020-07-08,6920716
2020-07-15,6958604
2020-07-22,6964755
2020-07-29,6949032
2020-08-05,6945237
2020-08-12,6957277
2020-08-19,7010637
2020-08-26,6990418
2020-09-02,7017492
2020-09-09,7010614
2020-09-16,7064475
2020-09-23,7093161
2020-09-30,7056129
2020-10-07,7074649
2020-10-14,7151426
2020-10-21,7177265
2020-10-28,7146306
2020-11-04,7157479
2020-11-11,7175417
2020-11-18,7243080
2020-11-25,7216480
2020-12-02,7222414
2020-12-09,7242658
2020-12-16,7362592
2020-12-23,7404039
2020-12-30,7363351
2021-01-06,7334809
2021-01-13,7333968
2021-01-20,7414942
2021-01-27,7404926
2021-02-03,7410598
2021-02-10,7442225
2021-02-17,7557402
2021-02-24,7590111
2021-03-03,7557524
2021-03-10,7579901
2021-03-17,7693506
2021-03-24,7719622
2021-03-31,7688988
2021-04-07,7708882
2021-04-14,7793104
2021-04-21,7820948
2021-04-28,7780962
2021-05-05,7810486
2021-05-12,7830663
2021-05-19,7922883
2021-05-26,7903541
2021-06-02,7935703
2021-06-09,7952327
2021-06-16,8064257
2021-06-23,8101945
2021-06-30,8078544
2021-07-07,8097773
2021-07-14,8201651
2021-07-21,8240530
2021-07-28,8221473
2021-08-04,8235073
2021-08-11,8257159
2021-08-18,8342598
2021-08-25,8332743
2021-09-01,8349173
2021-09-08,8357314
2021-09-15,8448770
2021-09-22,8489824
2021-09-29,8447981
2021-10-06,8464032
2021-10-13,8480942
2021-10-20,8564943
2021-10-27,8556181
2021-11-03,8574871
2021-11-10,8663117
2021-11-17,8674970
2021-11-24,8681771
2021-12-01,8650402
2021-12-08,8664524
2021-12-15,8756666
2021-12-22,8790495
2021-12-29,8757460
2022-01-05,8765721
2022-01-12,8788278
2022-01-19,8867834
2022-01-26,8860485
2022-02-02,8873211
2022-02-09,8878009
2022-02-16,8911033
2022-02-23,8928129
2022-03-02,8904455
2022-03-09,8910748
2022-03-16,8954306
2022-03-23,8962474
2022-03-30,8937142
2022-04-06,8937592
2022-04-13,8965487
2022-04-20,8955851
2022-04-27,8939199
2022-05-04,8939972
2022-05-11,8942008
2022-05-18,8945898
2022-05-25,8914281
2022-06-01,8915050
2022-06-08,8918254
2022-06-15,8932420
2022-06-22,8934346
2022-06-29,8913553
2022-07-06,8891851
2022-07-13,8895867
2022-07-20,8899213
2022-07-27,8890004
2022-08-03,8874620
2022-08-10,8879138
2022-08-17,8849762
2022-08-24,8851436
2022-08-31,8826093
2022-09-07,8822401
2022-09-14,8832759
2022-09-21,8816802
2022-09-28,8795567
2022-10-05,8759053
2022-10-12,8758969
2022-10-19,8743922
2022-10-26,8723090
2022-11-02,8676870
2022-11-09,8678886
2022-11-16,8625620
2022-11-23,8621390
2022-11-30,8584576
2022-12-07,8582735
2022-12-14,8583413
2022-12-21,8564411
2022-12-28,8551169
2023-01-04,8507429
2023-01-11,8508587
2023-01-18,8489039
2023-01-25,8470557
2023-02-01,8433610
2023-02-08,8435369
2023-02-15,8384767
2023-02-22,8382190
2023-03-01,8339684
2023-03-08,8342283
2023-03-15,8639300
2023-03-22,8733787
2023-03-29,8705942
2023-04-05,8632384
2023-04-12,8614797
2023-04-19,8593263
2023-04-26,8562768
2023-05-03,8503994
2023-05-10,8503017
2023-05-17,8456760
2023-05-24,8436255
2023-05-31,8385854
2023-06-07,8389325
2023-06-14,8388323
2023-06-21,8362060
2023-06-28,8340914
2023-07-05,8298312
2023-07-12,8296923
2023-07-19,8274552
2023-07-26,8243344
2023-08-02,8206764
2023-08-09,8208241
2023-08-16,8145727
2023-08-23,8139066
2023-08-30,8121316
2023-09-06,8101318
2023-09-13,8098779
2023-09-20,8024090
2023-09-27,8002064
2023-10-04,7955782
2023-10-11,7952054
2023-10-18,7933162
2023-10-25,7907830
2023-11-01,7866664
2023-11-08,7860691
2023-11-15,7814991
2023-11-22,7810814
2023-11-29,7796145
2023-12-06,7737385
2023-12-13,7739566
2023-12-20,7724063
2023-12-27,7712781
2024-01-03,7681024
2024-01-10,7686710
2024-01-17,7673741
2024-01-24,7677230
2024-01-31,7630124
2024-02-07,7631300
2024-02-14,7633874
2024-02-21,7581683
2024-02-28,7567807
2024-03-06,7538857
2024-03-13,7541969
2024-03-20,7514348
2024-03-27,7484739
2024-04-03,7439558
2024-04-10,7438176
2024-04-17,7405506
2024-04-24,7402434
2024-05-01,7362474
2024-05-08,7353408
2024-05-15,7304272
2024-05-22,7299566
2024-05-29,7284319
2024-06-05,7255687
2024-06-12,7258974
2024-06-19,7252542
2024-06-26,7231163
2024-07-03,7221520
2024-07-10,7224079
2024-07-17,7208247
2024-07-24,7205455
2024-07-31,7178391
2024-08-07,7175256
2024-08-14,7177688
2024-08-21,7139952
2024-08-28,7123238
2024-09-04,7112567
2024-09-11,7115001
2024-09-18,7109137
2024-09-25,7080059
2024-10-02,7046925
2024-10-09,7046840
2024-10-16,7039284
2024-10-23,7029408
2024-10-30,7013490
2024-11-06,6994299
2024-11-13,6967108
2024-11-20,6923731
2024-11-27,6905140
2024-12-04,6895827
2024-12-11,6897485
2024-12-18,6889332
2024-12-25,6885963
2025-01-01,6852491
2025-01-08,6853554
2025-01-15,6834070
2025-01-22,6831760
2025-01-29,6818186
2025-02-05,6810935
2025-02-12,6813513
2025-02-19,6782332
2025-02-26,6766101
2025-03-05,6756764
2025-03-12,6759571
2025-03-19,6755982
2025-03-26,6740253
2025-04-02,6723452
2025-04-09,6727416
2025-04-16,6727113
2025-04-23,6726930
2025-04-30,6709277
2025-05-07,6710889
2025-05-14,6713270
2025-05-21,6688726
2025-05-28,6673244
2025-06-04,6672885
2025-06-11,6677155
2025-06-18,6681056
2025-06-25,6662200
2025-07-02,6659598
2025-07-09,6661912
2025-07-16,6659273
2025-07-23,6657715
2025-07-30,6642578
2025-08-06,6640843
2025-08-13,6643615
2025-08-20,6618415
2025-08-27,6603384
2025-09-03,6602071
2025-09-10,6605962
2025-09-17,6608597
2025-09-24,6608395
2025-10-01,6587119
2025-10-08,6590815
2025-10-15,6596454
2025-10-22,6589533
2025-10-29,6587034
2025-11-05,6572732
2025-11-12,6580462
2025-11-19,6555283
2025-11-26,6552419
2025-12-03,6535781
2025-12-10,6539303
2025-12-17,6556861
2025-12-24,6581231
2025-12-31,6640618
2026-01-07,6573602
2026-01-14,6581700
2026-01-21,6584580
2026-01-28,6587568
2026-02-04,6605909
2026-02-11,6622382
2026-02-18,6613395
2026-02-25,6613797
2026-03-04,6628894
2026-03-11,6646344
2026-03-18,6655939
2026-03-25,6657161
2026-04-01,6675344
2026-04-08,6693871
2026-04-15,6705696
2026-04-22,6707419
2026-04-29,6699950
2026-05-06,6709505
2026-05-13,6728502
2026-05-20,6713643
2026-05-27,6704383
2026-06-03,6711495
2026-06-10,6725397
2026-06-17,6736424
2026-06-24,6735645
2026-07-01,6724564
2026-07-08,6735609
2026-07-15,6743028
2026-07-22,6747378
2026-07-29,6738190
2026-08-05,6748567
2026-08-12,6759955
2026-08-19,6745699
